test_index,loc,v(g),ev(g),iv(g),n,v,l,d,i,e,b,t,lOCode,lOComment,lOBlank,locCodeAndComment,uniq_Op,uniq_Opnd,total_Op,total_Opnd,branchCount
23,-0.3391177,0.023959085,-0.10351146,-0.45705372,-0.0029160893,0.00012144875,-0.0088830795,-0.032743577,-0.011621834,-1.3785313e-05,0.0007039198,0.0006649533,-0.002215263,-0.00013458732,0.01145554,-0.00029728722,-0.0025598602,-0.0058349003,-0.03500399,0.0028434813,0.018014202
29,-0.30135578,0.0068162307,-0.10294166,-0.3051279,-0.00057151914,0.000927495,0.05957076,0.080338374,-0.0120242415,0.00364104,0.0007039198,0.0006649533,0.0015654087,-0.00013458732,-0.024635576,-0.00029728722,-0.0025598602,-0.0060063824,0.08211344,0.0014504065,-0.0032693744
30,-0.21243605,0.011752676,-0.104212575,-0.21107507,-0.0011438819,-0.00070116814,0.003996437,-0.005488655,-0.010596684,0.00073379313,-0.00033552924,0.0006649533,-0.0009681056,-0.00013458732,0.013958779,-0.00029728722,-0.0025598602,-0.0058349003,-0.009826529,0.00018107111,-0.007813572
32,-0.38531944,-0.024439491,0.052575905,0.08056642,-0.0009833868,-0.00075746624,-0.0020141355,-0.0070998203,-0.0030944818,0.00073379313,-0.0003355292,0.0006649533,-0.0009885605,0.00010971639,0.010838768,-0.00029728722,0.0001082694,-0.003462323,-0.008568672,0.0005449347,-0.0007265272
44,-0.187892,-0.028533554,-0.13087742,-0.1732769,-0.002288011,-0.0022892393,-0.004176581,-0.012582312,-0.014725802,-4.4935812e-05,-0.00033552924,0.00030545206,-0.0021734724,-0.00013458732,-0.047746472,0.00096059573,-0.0025598602,-0.007966412,-0.017319579,0.00050238025,-0.004545586
49,0.70143557,0.0025454224,0.09049914,0.1720963,-0.00062596577,0.001098378,-0.0047662226,-0.039521135,-0.0011589441,-0.005343984,-0.0006365916,-0.00798681,-0.0037483282,-0.000109164845,0.012792128,-0.004591073,0.0008891388,-0.009531962,-0.0046211444,-0.010775631,0.0074722636
51,-0.40310723,-0.012907487,0.062279023,0.109706834,-0.001228265,-0.0015633906,-0.0038470025,-0.011956804,-0.003445399,0.00013730205,-0.0006365916,0.00033009902,-0.0026949795,-9.808016e-06,-0.030228037,-0.00034076118,0.00024171798,-0.0023663766,-0.012292331,0.00061942614,-0.0014394182
59,-0.21237785,-0.0059057414,-0.11093444,-0.5139046,-0.0029160893,-0.00070116814,-0.0088830795,-0.03338111,-0.008558916,-1.3785313e-05,-0.00033552924,0.0006649533,-0.0009681056,-0.00013458732,0.033194795,-0.00037507687,0.00061116624,-0.00755719,-0.031151082,0.00021506162,0.0038173627
65,-0.35685304,0.013128186,-0.11101873,-0.4668453,-0.004060218,0.000927495,-0.010130085,-0.033048168,-0.013018829,-1.3785313e-05,0.0007039198,0.0006649533,0.0015654087,-0.00013458732,-0.037690468,-0.00029728722,-0.0025598602,-0.0060063824,-0.042523988,0.0014504065,-0.00010589833
67,0.73905265,0.003904502,0.078728616,0.17422143,-0.00062596577,-0.0011406065,-0.0043966835,7.579989e-05,-4.359818e-05,0.0026063481,-0.0006365916,0.0018235422,-0.0036092761,-5.1101706e-05,0.00741879,-0.0026235245,0.0008891388,0.014374886,-0.0046211444,0.0007487098,0.008317461
69,-0.22607721,-0.032546893,-0.11305771,-0.21446154,-0.0011438819,-0.00070116814,0.003996437,-0.0055014356,-0.008558916,0.00073379313,-0.00033552924,0.0006649533,-0.0009681056,-0.00013458732,0.0017607779,-0.00029728722,0.00061116624,-0.0074631525,-0.009826529,0.00018107111,-0.022803858
70,0.45604166,-0.029662102,-0.27910313,0.06831768,-0.00078646094,-0.0012963092,-0.020688478,-0.006356746,0.01679849,-0.004019103,-0.0006365916,-0.0019839606,-0.0021212958,-0.0022191433,-0.016452707,-0.0015824779,0.006755036,0.0009951344,-0.0065441807,-0.011139495,-0.013085303
71,-0.39039198,-0.027526213,0.003873468,-0.29655626,0.0032569799,0.00035500794,-0.004308264,0.024409564,-0.008235739,0.0014707489,0.0007039198,0.0006649533,0.009761702,0.00010971639,-0.014022756,-0.00029728722,-0.0008620957,-0.0033504085,0.04003468,0.0010974443,-0.017325608
73,-0.21417977,-0.01290638,0.021036237,-0.2808463,-0.0009833868,0.002900742,-0.0048872246,-0.009376779,0.007908808,-4.4935812e-05,-0.0006365916,0.0002641813,-0.0017053271,0.00010971639,0.007764779,-0.00034076118,0.00024171798,-0.00027897494,-0.008678493,0.0005789252,-0.0069423355
76,-0.079689234,-0.022315979,-0.13242325,-0.16662228,-0.0011438819,-0.00020119791,-0.007675785,-0.008775009,0.0070483265,-0.0003218928,-0.00033552924,0.0002641813,-0.0016848722,-0.00013458732,-6.812553e-05,-0.00034076118,0.00074461475,0.0014559373,-0.00883291,0.00021506162,-0.0012477296
78,-0.32785186,-0.030004904,-0.1065764,-0.4089767,0.019097954,0.000927495,-0.009589257,-0.045905013,-0.013018829,0.00364104,0.0007039198,0.0006649533,0.009782158,0.00036522123,-0.011835934,-0.00029728722,-0.0025598602,-0.0058775237,0.08211344,0.0014504065,-0.018685253
99,-0.22330216,-0.03674283,0.063482165,-0.15648547,-0.0009833868,-0.0007825246,-0.0048872246,-0.009096672,-0.0041099247,0.00073379313,-0.0003355292,0.0002641813,-0.0009885605,0.00027066018,0.010746603,-0.00034076118,0.00024171798,-0.0034828316,-0.008568672,0.0005789252,-0.009014782
109,-0.23212306,-0.016355436,0.057861846,0.1613194,-0.0009833868,-0.0007825246,-0.0048188227,-0.008894788,-0.0029762667,0.00013730205,-0.0003355292,0.00033009902,-0.0009885605,0.00015113576,0.008638417,-0.00034076118,0.0001082694,-0.0036113812,-0.008568672,0.0005789252,-0.0007265272
111,-0.30808553,-0.050267864,-0.11321037,-0.19692595,-0.0011438819,-0.00066058704,-0.005695385,-0.008671286,0.0048902677,-4.4935812e-05,-0.00033552924,0.0002641813,-0.0009681056,-0.00013458732,0.004712249,-0.00034076118,0.00061116624,-0.0024259903,-0.009799578,0.00018107111,-0.00915281
115,-0.3751167,-0.03821777,-0.10347713,-0.47026804,-0.005598232,-0.00070116814,-0.008342251,-0.045600418,0.00406448,-1.3785313e-05,-0.0024026232,0.0006649533,-0.002215263,-0.00013458732,0.0060139764,-0.00029728722,-0.0025598602,-0.0058947694,-0.03500399,0.00018107111,-0.033568688
123,-0.3768185,-0.03400348,-0.114458606,-0.46812555,-0.006742361,-0.0023047624,-0.011347775,-0.049670517,-0.0120242415,-1.3785313e-05,0.0007039198,0.0006649533,-0.008514008,-0.00013458732,-0.031037709,-0.00029728722,-0.0025598602,-0.0060662515,-0.045735788,0.0014504065,-0.022670269
124,0.76812965,0.004137003,0.082292676,0.17521878,-0.00062596577,0.00034471625,-0.0047662226,-0.01993972,-0.00309346,-0.0048627593,-0.0011900627,-0.0041777776,-0.0037928473,-0.00076223724,0.015420443,0.012235673,0.0008891388,0.04754217,-0.0048287213,-0.0081040375,0.008759382
135,-0.31973103,-0.026558245,-0.116782926,-0.46788093,-0.004060218,-0.0023047624,-0.010130085,-0.033698484,0.008546287,-1.3785313e-05,-0.00033552924,0.0006649533,-0.0021734724,-0.00013458732,-0.047526553,-0.00029728722,0.00061116624,-0.007728672,-0.03923507,0.0005308125,-0.00015493043
162,0.17362855,-0.0017269462,0.084385455,0.15938075,-0.00072848063,-0.0014757728,-0.0049732225,-0.064317204,-0.006376348,-0.007870348,-0.0006365916,-0.00040424027,-0.004656702,-9.808016e-06,0.011449146,-0.00041855083,0.00024171798,-0.0038923814,-0.004288111,-0.005170646,0.0025871843
168,-0.21285658,0.017172713,-0.103722684,-0.20607781,-0.0011438819,-0.00070116814,0.003996437,-0.005488655,-0.010067834,0.00073379313,0.0002213504,0.0006649533,-0.0009681056,-0.00013458732,0.014579435,-0.00029728722,-0.0025598602,-0.0058349003,-0.009255358,0.0028434813,0.0002910722
173,-0.28951958,0.01649134,-0.100127496,-0.20739263,-0.0011438819,-0.00070116814,0.003996437,-0.0047058985,-0.011621834,0.00073379313,0.0007039198,0.0006649533,-0.002215263,-0.00013458732,0.012471249,-0.00029728722,-0.0025598602,-0.0058349003,-0.012878446,0.0028434813,0.001183814
185,-0.21370673,-0.039165102,-0.11638,-0.5147502,-0.005598232,-0.00070116814,-0.010728055,-0.04956581,-0.010067834,-1.3785313e-05,-0.00033552924,0.0006649533,-0.0009681056,0.00036522123,0.008824089,-0.00037507687,-0.0025598602,-0.005930394,-0.03195207,0.00021506162,-0.03291152
188,-0.31506723,0.015321676,-0.10787968,-0.21209535,-0.002288011,-0.0023047624,0.00274943,-0.0050104912,-0.011213782,0.00073379313,0.0007039198,0.0006649533,0.0015654087,0.00036522123,-0.040318307,-0.00029728722,-0.0025598602,-0.0060063824,-0.02039845,0.0014504065,-0.0006782621
196,-0.34682074,-0.028660418,-0.11197682,-0.40329593,-0.006742361,0.000927495,-0.009589257,0.08067261,-0.0120242415,-1.3785313e-05,0.0007039198,0.0006649533,0.0015654087,-0.00013458732,-0.02835504,-0.00029728722,-0.0025598602,-0.0060662515,-0.042523988,0.0014504065,-0.012037444
203,-0.15946898,0.01221105,-0.11025528,-0.16914174,-0.0011438819,-0.00066058704,0.003996437,-0.005488655,-0.010953974,0.00073379313,-0.00033552924,0.0006649533,-0.0009681056,0.00036522123,0.015309073,-0.00029728722,-0.0025598602,-0.0058349003,-0.009799578,0.002877472,-0.0022923797
210,0.7777088,0.004137003,0.08153669,0.16839765,-0.00062596577,-0.0017531774,-0.0043966835,0.0009508229,0.035732236,-0.0048627593,-0.0011900627,-0.0032483004,-0.0037928473,0.00090798154,0.016143715,-0.004770233,0.0014474804,0.043278527,-0.0048287213,-0.006010725,0.009313295
212,-0.31343913,0.015321676,-0.10763477,-0.21236056,-0.002288011,0.000927495,0.00274943,-0.0050104912,-0.013018829,0.00073379313,0.0007039198,0.0006649533,0.0015654087,-0.00013458732,-0.037690468,-0.00029728722,-0.0025598602,-0.0060063824,-0.02039845,0.0014504065,-0.00010589833
220,-0.30532265,0.015321676,-0.10656606,-0.21236056,-0.002288011,0.000927495,0.00274943,-0.0050104912,-0.013018829,0.00073379313,0.0007039198,0.0006649533,0.0015654087,-0.00013458732,-0.03465303,-0.00029728722,-0.0025598602,-0.0060063824,-0.0026145906,0.0014504065,-0.00010589833
233,0.13061908,0.008184898,-0.17736334,-0.2681228,-0.0008889758,-0.0011441718,-0.0077467295,-0.00553534,0.01241295,-0.00023439626,-0.0006365916,0.0002641813,-0.0035730035,0.00036522123,0.017192388,-0.00041855083,0.00074461475,-0.0007258081,-0.0059645865,-0.0055345097,-0.004389702
237,0.72037107,0.0027779224,0.08670488,0.17275877,-0.00062596577,0.001098378,-0.0047662226,-0.01990139,-0.0011998788,-0.005343984,-0.0006365916,-0.00798681,-0.0042593554,-5.1101706e-05,0.014279772,-0.0029319152,0.0008891388,-0.008711759,-0.0048287213,-0.010775631,0.008226418
239,0.15722556,-0.018262623,-0.22180521,0.13259603,-0.0008889758,-0.00018522781,-0.0077467295,-0.0070904307,-0.028980063,-0.00023439626,-0.0006365916,0.0002641813,-0.0035730035,-0.00013458732,-0.010348451,-0.00034076118,0.00061116624,-0.0052827843,-0.0077737905,0.00021506162,-0.010127166
240,-0.35363045,-0.03821777,-0.1086671,-0.47050723,-0.005598232,-0.00070116814,-0.008342251,-0.045600418,-0.010067834,-1.3785313e-05,0.0007039198,0.0006649533,0.0013315488,0.00036522123,0.006634633,-0.00029728722,-0.0025598602,-0.0058947694,-0.03500399,0.0028434813,-0.03259114
247,-0.19785243,0.010212889,-0.108996026,-0.21149856,-0.0011438819,-0.0007262265,-0.005695385,-0.009519652,-0.009474235,-4.4935812e-05,-0.00033552924,0.0002641813,-0.0009681056,-0.00013458732,0.011964241,-0.00034076118,-0.0025598602,-0.005949447,-0.009826529,0.00018107111,-0.007813572
251,0.17328271,0.0060069184,-0.18934834,-0.43918648,-0.0021875922,3.9658127e-05,-0.018066952,-0.02851024,0.015831638,-0.00040222608,-0.0006365916,0.0002641813,-0.0035730035,-1.3836743e-05,0.004790377,-0.00041855083,-0.0025598602,-0.0022500278,-0.019501891,0.00021506162,-0.00979967
254,-0.23237433,-0.03637622,0.05658835,-0.15768974,-0.0009833868,-0.00075746624,-0.0020141355,-0.007327265,0.0026952485,0.00073379313,-0.0003355292,0.0006649533,-0.0009885605,0.00027066018,0.008730583,-0.00029728722,-0.0008620957,-0.0020667224,-0.008568672,0.0005789252,-0.008309214
259,0.1512522,-0.033162393,-0.2384598,0.11623394,0.0038918394,0.00032855093,-0.009091056,0.021301396,-0.03341004,0.0029946081,0.0002213504,0.00073087105,0.009103639,-0.00025411174,-0.031773053,-0.00029728722,-0.0025598602,-0.010788533,0.022654222,0.001484397,-0.009013202
261,-0.28847507,-0.026950084,-0.09838522,-0.284358,0.017544094,0.00012144875,0.068885066,0.10084631,-0.014740552,0.00364104,0.0007039198,0.0006649533,0.0058205156,-0.00013458732,0.0023122432,-0.00037507687,-0.0025598602,-0.0053797094,0.10032791,0.0028434813,-0.013271336
270,-0.378981,-0.036631424,-0.103092454,-0.47026804,-0.005598232,-0.00070116814,-0.010100768,-0.046230882,0.0047451034,-1.3785313e-05,-0.0024026232,0.0006649533,-0.002215263,-0.00013458732,0.0060139764,-0.00029728722,-0.0025598602,-0.003680034,-0.036935296,0.00018107111,-0.034502167
275,-0.20209815,0.016537897,-0.107280545,-0.2066257,-0.0011438819,-0.0007262265,-0.005695385,-0.009519652,-0.010134557,-4.4935812e-05,-0.00033552924,0.0002641813,-0.0009681056,-0.00013458732,0.011964241,-0.00034076118,0.00074461475,-0.005949447,-0.009826529,0.00018107111,0.0002910722
289,0.7562105,0.004137003,0.07741307,0.1694056,-0.00062596577,-0.0017531774,-0.0043966835,-0.006193699,-0.0011030817,-0.0048627593,-0.0006365916,-0.0027495727,-0.0037928473,0.00090798154,0.01585396,0.0065780883,0.0008891388,0.044850223,-0.0048287213,-0.008875018,0.009313295
297,-0.13303913,-0.015109183,0.0612341,0.12668501,0.0032569799,9.689044e-05,-0.0045265825,0.020386819,-0.0065263,0.003248619,0.00022135042,0.00073087105,0.007006429,-9.808016e-06,-0.014414554,-0.00029728722,-0.0008620957,-0.003343316,0.022847861,0.0011314349,-0.020677134
298,-0.39362732,0.0018662474,-0.3002645,-0.2720458,-0.0009833868,-0.0012736551,0.00026768076,-0.008061202,-0.0095930705,0.00073379313,0.0007039198,0.0006649533,-0.0022357178,0.00010971639,0.009442206,-0.00029728722,-0.0008620957,-0.003018618,-0.01197072,0.0013941556,-0.010491556
303,-0.31133157,0.01649134,-0.10092203,-0.21320412,-0.0011438819,0.00012144875,0.003996437,-0.012785195,-0.014740552,0.00073379313,0.0007039198,0.0006649533,0.0027707757,-0.00013458732,0.011776801,-0.00029728722,-0.0025598602,-0.0058349003,-0.012878446,0.0028434813,0.001183814
305,0.21667571,-0.0057856813,0.07841029,0.14137313,-0.00072848063,-0.00035453535,-0.004061129,-0.0034719913,-0.0053188875,-0.00017596647,-0.0003355292,0.0002641813,-0.0035934586,0.00015113576,0.01143089,-0.00041855083,-0.0008620957,-0.0042958907,-0.006371864,0.0005789252,-0.0021606474
316,-0.22482854,0.008601249,-0.10889781,-0.5023714,-0.0029160893,-0.00070116814,-0.011164895,-0.035762366,-0.011621834,-1.3785313e-05,-0.00033552924,0.0006649533,-0.0009681056,0.00036522123,0.020307522,-0.00037507687,-0.0025598602,-0.0058349003,-0.03195207,0.00021506162,-5.2550167e-05
322,0.18624645,-0.012351451,0.055851247,-0.3740231,0.0072601633,-0.00028451718,-0.01452497,0.066108614,-0.010364455,0.0032995965,0.00022135042,0.0006649533,0.009083185,0.00010971639,-0.013248598,-0.00029728722,-0.0008620957,-0.0038674902,0.04676158,0.0011314349,-0.014199274
324,-0.24539916,-0.045122225,-0.106046654,-0.51463157,-0.005598232,-0.00070116814,-0.012382585,-0.04861921,0.0047451034,-1.3785313e-05,-0.00033552924,0.0002641813,-0.0009681056,0.00036522123,0.017790742,-0.00041855083,-0.0025598602,-0.0037826495,-0.03195207,0.00021506162,-0.035738528
331,-0.32709453,-0.027228825,0.015577063,-0.3589806,0.009875123,0.00035500794,-0.017187785,0.079651624,-0.008235739,0.00364104,0.00022135042,0.0006649533,0.0075074816,0.00010971639,-0.014022756,-0.00029728722,-0.0008620957,-0.0033504085,0.08403458,0.0010974443,-0.014879926
332,-0.29749668,0.015321676,-0.106581844,-0.20654908,-0.002288011,0.000927495,0.00274943,-0.0050104912,-0.013018829,0.00073379313,0.0007039198,0.0006649533,0.00012618201,0.00036522123,-0.037690468,-0.00029728722,-0.0025598602,-0.0060063824,-0.02039845,0.0014504065,-0.00010589833
339,-0.3801894,-0.022323772,0.04331469,0.08305785,-0.0009833868,-0.0007825246,-0.0048188227,-0.008951445,-0.005238271,-4.4935812e-05,-0.0003355292,0.0002641813,-0.0009885605,0.00010971639,0.018224673,-0.00041855083,0.00024171798,-0.0035768696,-0.008568672,0.0005449347,-0.00048136443
342,0.15187156,-0.025587024,-0.22289051,0.13259603,-0.0008889758,-0.00018522781,-0.0077467295,-0.007009093,-0.029087236,-0.00023439626,-0.0006365916,0.00030545206,-0.0035730035,0.00036522123,-0.010192872,0.0008617847,0.00074461475,-0.0012719731,-0.007446589,0.00021506162,-0.0030105864
344,-0.31343913,0.015321676,-0.10763477,-0.21236056,-0.002288011,0.000927495,0.00274943,-0.0050104912,-0.013018829,0.00073379313,0.0007039198,0.0006649533,0.0015654087,-0.00013458732,-0.037690468,-0.00029728722,-0.0025598602,-0.0060063824,-0.02039845,0.0014504065,-0.00010589833
350,0.21401851,-0.0017269462,0.058133513,0.15720288,-0.00072848063,0.00032432307,-0.0038778833,-0.005636227,0.002885106,-5.215837e-05,-0.0006365916,0.00033009902,-0.0036719164,0.000110798515,0.012047057,-0.00041855083,0.00024171798,-0.0027231774,-0.0062330477,0.0005789252,0.0029771142
351,0.19572793,-0.015842276,0.09091375,-0.16722675,-0.00072848063,0.00035164307,-0.0041308613,-0.0065477844,-0.0061013047,-0.00023439626,-0.0006365916,0.0002641813,-0.002935238,0.00027066018,-0.0006148728,-0.00034076118,0.00024171798,-0.0030085181,-0.0065428857,0.0005789252,-0.0021669907
352,-0.14780599,-0.031271093,-0.13374594,0.085054174,0.004696236,-0.0013338422,-0.006385534,0.021125779,-0.014567138,0.0016529867,0.0002213504,0.00073087105,0.0075279362,-0.00025411174,-0.027594017,-0.00029728722,-0.0025598602,-0.0071273916,0.031129712,0.001484397,0.0037841913
354,-0.29478863,0.017172713,-0.10130114,-0.20712742,-0.0011438819,-0.00070116814,0.003996437,-0.00533636,-0.010067834,0.00073379313,-0.0024026232,0.0006649533,-0.002215263,-0.00013458732,0.011850594,-0.00029728722,-0.0025598602,-0.0058349003,-0.014809754,0.00018107111,0.0006114503
365,-0.41148075,0.0008876302,-0.29312244,-0.27527845,-0.001228265,0.00035500794,-0.0005764817,-0.004600291,-0.0078713475,0.00073379313,0.0007039198,0.0006649533,0.0015449538,0.00010971639,-0.025179941,-0.00029728722,-0.0008620957,-0.0031901002,-0.015865402,0.0010974443,-0.011304048
366,0.28449562,-0.010903655,-0.18954034,-0.1802204,-0.00078646094,-0.0014399525,-0.0059909434,-0.005133193,0.018404515,-0.00023439626,-0.0006365916,0.0002641813,-0.0035730035,-0.0004371136,0.028064713,-0.00041855083,0.00074461475,-0.0024599852,-0.00672058,-0.0013245159,-0.007883726
371,-0.36271542,-0.03400348,-0.11684029,-0.46812555,-0.006742361,0.0009024367,-0.018273788,-0.058605902,-0.013018829,-1.3785313e-05,0.0007039198,0.0006649533,0.0015654087,-0.00013458732,-0.028369818,-0.00029728722,-0.0025598602,-0.006180798,-0.045735788,0.0014504065,-0.022670269
374,0.1544327,-0.025936391,-0.20150074,-0.17440306,-0.0008889758,-0.00018522781,-0.007816463,-0.0071032112,0.013369151,-0.00023439626,-0.0006365916,0.0002641813,-0.0029147828,-0.00013458732,-0.012177721,-0.00034076118,0.00061116624,-0.011756777,-0.007665963,9.073141e-05,-0.012931146
382,-0.37288398,-0.029161248,-0.12475458,-0.467948,-0.004060218,-0.0023298205,-0.017056098,-0.04574906,-0.015727568,-1.3785313e-05,0.0007039198,0.0006649533,-0.008514008,-0.00013458732,-0.046252586,-0.00029728722,-0.0025598602,-0.0077491812,-0.045735788,0.0005308125,-0.023497172
383,-0.35062942,-0.0373128,-0.10933148,-0.47037163,-0.005598232,-0.00070116814,-0.010100768,-0.04558764,-0.011621834,-1.3785313e-05,0.0007039198,0.0006649533,0.0013315488,-0.00013458732,0.008898398,-0.00037507687,-0.0025598602,-0.0058947694,-0.03500399,0.0028434813,-0.032018777
394,-0.3639631,0.013128186,-0.109880745,-0.4668453,-0.00057151914,0.000927495,-0.010130085,-0.033048168,-0.013018829,-1.3785313e-05,0.0007039198,0.0006649533,-0.008514008,-0.00013458732,-0.035955533,-0.00029728722,-0.0025598602,-0.0060063824,-0.042523988,0.0014504065,-0.00010589833
398,-0.0543349,-0.022315979,-0.14274594,0.12978995,-0.0011438819,-0.00020119791,-0.007675785,-0.009258643,-0.013121681,-0.0003218928,-0.0006365916,0.0002641813,-0.0022506074,-0.00013458732,0.0003663699,-0.00041855083,0.00074461475,-0.0020521928,-0.009165346,0.00021506162,-0.001539996
411,-0.46222606,0.00345393,-0.21941738,-0.1697115,-0.0009833868,-0.00075746624,-0.0020141355,-0.0098897265,-0.0079258755,0.00073379313,0.0007039198,0.0006649533,-0.0022357178,0.00010971639,0.010718191,-0.00029728722,-0.0008620957,-0.003018618,-0.010340098,0.0013941556,-0.004114364
413,-0.230553,-0.03680656,0.06170712,-0.15660605,-0.0009833868,-0.00075746624,0.00026768076,-0.007327265,-0.0030944818,0.00073379313,-0.0003355292,0.0006649533,-0.0009885605,0.00027066018,0.009395722,-0.00029728722,0.0001082694,-0.003368285,-0.008568672,0.0005789252,-0.009014782
415,-0.22119384,-0.018902125,-0.10746763,-0.33274913,0.019097954,0.000927495,-0.020482741,0.09920193,-0.013018829,0.00364104,0.0002213504,0.0006649533,0.0075279362,-0.00013458732,-0.008879219,-0.00029728722,-0.0025598602,-0.0054304595,0.09748042,0.0014504065,-0.003327216
416,-0.34953487,-0.014911938,0.03147375,-0.48735264,-0.0027555942,-0.0012736551,-0.012611836,-0.03515028,-0.0005491837,-1.3785313e-05,-0.0003355292,0.0006649533,-0.0009885605,0.00010971639,0.008666083,-0.00029728722,-0.0008620957,-0.003462323,-0.030028723,0.0005449347,-0.009259846
422,0.3472153,-0.017888635,-0.15053003,-0.18927455,0.0020746244,0.00016077698,-0.0045053205,0.02056216,-0.011934411,0.0028123702,0.00022135042,0.0006649533,0.008798497,0.0009908596,-0.014407028,-0.00029728722,-0.0014257047,-0.006636005,0.01774685,0.0018904537,-0.011988548
426,-0.2828576,0.0136990575,-0.10886436,-0.1975441,-0.0011438819,-0.00066058704,0.003996437,-0.0055014356,-0.010953974,0.00073379313,-0.00033552924,0.0006649533,-0.0009681056,-0.00013458732,0.012580233,-0.00029728722,-0.0025598602,-0.0058349003,-0.009799578,0.00018107111,-0.0022923797
429,-0.2890512,-0.017683633,-0.098854244,-0.28351444,0.019097954,0.000927495,0.067638054,0.102761105,-0.013018829,0.00364104,0.0007039198,0.0006649533,0.009782158,0.00036522123,-0.010547193,-0.00029728722,-0.0025598602,-0.0054304595,0.11090046,0.0014504065,-0.0030068378
432,0.16193071,-0.015886549,-0.1861724,0.1263735,-0.0008889758,-0.00018522781,-0.0077467295,-0.0069452035,0.013302427,-0.00023439626,-0.0006365916,0.0002641813,-0.0035730035,0.00036522123,0.02813741,-0.00041855083,0.00074461475,0.0005657773,-0.0065377746,9.073141e-05,0.0016121515
439,-0.46432096,-0.018999526,-0.27090827,-0.51559097,-0.0030004724,-0.0028772494,-0.013455998,-0.043556675,-0.008235739,-1.3785313e-05,0.0007039198,0.0006649533,-0.0034410846,0.00010971639,-0.029188018,-0.00029728722,-0.0008620957,-0.003539767,-0.040358145,0.0010974443,-0.020665087
450,0.33485398,-0.037463002,-0.19452356,-0.42824584,-0.0018473032,-3.123659e-05,-0.016277067,-0.033743113,0.01699165,-0.00040222608,-0.0006365916,0.0002641813,-0.0035730035,-0.0004371136,0.01446881,-0.00041855083,0.00074461475,-0.0021313962,-0.016115548,0.0009401497,-0.026404439
453,-0.21123846,0.017172713,-0.104457356,-0.2059865,-0.0011438819,-0.00070116814,0.0017146209,-0.008671286,-0.010067834,0.00073379313,-0.00033552924,0.0006649533,-0.0009681056,-0.00013458732,0.0145051265,-0.00029728722,-0.0025598602,-0.0043757027,-0.009826529,0.00018107111,-0.00064240803
462,0.721008,-3.9856095e-06,0.09748967,0.17004731,-0.00062596577,0.001098378,-0.0047662226,-0.020522173,-0.0010883333,-0.005343984,-0.0006365916,-0.004676505,-0.0037928473,0.00033355292,-0.007348703,-0.001931763,0.0008891388,0.0061376314,-0.0046211444,-0.010775631,0.0061027966
464,0.5478928,-0.01620464,-0.28761196,0.14145221,-0.00078646094,-0.001527851,-0.020688478,-0.019984812,0.016785016,-0.005343984,-0.0006365916,-0.00798681,-0.0021212958,0.0007910901,0.039467055,-0.0029319152,0.006755036,-0.0020184251,-0.006718774,-0.001968898,-0.0033797917
471,0.18362832,-0.008948535,-0.17135917,0.13162051,-0.0008889758,-0.00025765615,0.016694797,-0.0009540906,0.013338483,0.0024169218,-0.00033552924,0.0006649533,-0.0005879477,0.00036522123,0.028222902,-0.00037507687,-0.0025598602,-0.00051629613,-0.007446589,0.00021506162,-0.00076428894
479,0.16511767,0.007702223,-0.15903488,-0.26865157,-0.0008889758,0.0001835276,0.017611349,-0.00090825907,0.013244183,-0.00023439626,-0.0006365916,0.0002641813,-0.0035730035,-1.3836743e-05,0.031070687,-0.00041855083,0.00074461475,-0.00080836774,-0.0043789013,0.00021506162,-0.0057446393
481,0.7080861,0.0027779224,0.087258354,0.15937844,-0.00062596577,0.00034471625,-0.0047662226,-0.044839665,-0.0015220904,-0.0048627593,-0.0011900627,-0.00798681,-0.0041947537,0.00090798154,0.014254752,-0.005717154,0.0008891388,-0.010142643,-0.0048287213,-0.010775631,0.008226418
482,-0.30559015,-0.02209594,-0.103144825,-0.30455044,-0.006742361,0.000927495,0.062096227,0.09938921,-0.0120242415,-1.3785313e-05,0.0007039198,0.0006649533,0.0015654087,-0.00013458732,-0.01708992,-0.00029728722,-0.0025598602,-0.0060662515,0.08211344,0.0014504065,-0.0069918544
483,0.35312566,-0.018399352,0.10055838,0.09401809,0.0020746244,0.00016077698,-0.0045053205,0.020631596,-0.011319187,0.0028708,0.00022135042,0.0006649533,0.008798497,-0.000109164845,-0.014407028,-0.00029728722,-0.0014257047,-0.0052331127,0.01644105,0.0018904537,-0.022652136
485,0.63298166,0.0025454224,0.09533272,0.0677749,-0.00062596577,4.3223605e-05,-0.0043966835,-0.009862233,-0.014577346,0.00035943015,-0.0006365916,0.0015521941,-0.003574732,-0.0012538094,0.010353554,-0.0018771385,0.0008891388,-0.008268076,-0.0049981005,0.0030133752,0.007934152
495,-0.36573854,-0.03400348,-0.11371073,-0.46812555,-0.006742361,0.000927495,-0.009589257,-0.045905013,-0.013018829,-1.3785313e-05,0.0007039198,0.0006649533,0.009782158,-0.00013458732,-0.024835987,-0.00029728722,-0.0025598602,-0.0058775237,-0.042523988,0.0014504065,-0.023288326
506,-0.22705229,-0.042589776,-0.10694771,-0.21500942,-0.0011438819,-0.00070116814,0.0017146209,-0.0077246847,-0.011983992,0.00073379313,-0.00033552924,0.0006649533,-0.0009681056,-0.00013458732,0.031263188,-0.00037507687,0.00074461475,-0.0074631525,-0.009826529,0.00018107111,-0.020849828
514,-0.22274299,0.018077686,-0.101310976,-0.20634302,-0.0011438819,-0.00070116814,0.0017146209,-0.007737465,-0.011621834,0.00073379313,-0.00033552924,0.0006649533,-0.0009681056,-0.00013458732,0.013017596,-0.00029728722,-0.0025598602,-0.0058349003,-0.010390517,0.0028434813,0.001183814
518,-0.28202236,0.0136990575,-0.10866711,-0.19760524,-0.0011438819,-0.00066058704,0.003996437,-0.0067448053,-0.010953974,0.00073379313,-0.00033552924,0.0006649533,-0.0009681056,0.00036522123,0.014688418,-0.00029728722,-0.0025598602,-0.0058349003,-0.009799578,0.00018107111,-0.0022923797
526,0.3577795,-0.037945677,-0.175208,-0.426057,-0.0018473032,-0.0068558245,0.0074754837,-0.0348894,0.03241394,-0.00040222608,-0.0006365916,0.0002641813,-0.0035730035,-0.0004371136,0.025278648,-0.0004542618,-0.0028128251,-0.0032680638,-0.016783457,-0.0017838553,-0.026404439
527,-0.31303957,0.001507548,-0.2892911,-0.26675987,-0.0009833868,-0.0012736551,0.00026768076,-0.005078456,-0.0011335118,0.00073379313,-0.0003355292,0.0006649533,-0.0009885605,0.00010971639,0.012440616,-0.00029728722,-0.0008620957,-0.003018618,-0.00948279,0.0013941556,-0.009461072
530,0.6532637,-0.0043996414,0.10413077,0.069382116,-0.00062596577,-0.0013190615,-0.0047662226,-0.022738991,-0.016153587,-0.0012690068,-0.0006365916,0.0020509218,-0.0021625252,-0.0012538094,0.010640183,0.006361102,0.0008891388,-0.009114828,-0.004690431,-5.3867814e-05,0.0042018183
534,0.45147717,-0.024225326,-0.13990007,-0.1964214,0.0020746244,0.00016332953,-0.0042154896,0.02123433,-0.014582074,0.0030702406,0.00022135042,0.0034527672,0.0089705195,0.0009908596,-0.013941268,-0.00029188956,-0.0021748743,-0.008408011,0.01774685,0.0018904537,-0.019907499
535,-0.19613291,0.015846895,-0.09975702,-0.23797642,-0.0011438819,-0.00070116814,0.0057549565,-0.0055014356,0.0047451034,0.00073379313,-0.00033552924,0.0006649533,-0.0009681056,0.00036522123,0.011850594,-0.00029728722,-0.0025598602,-0.0058349003,-0.009255358,0.00021506162,-0.00068647123
544,-0.18265472,0.010312062,-0.10050096,-0.23848082,-0.0011438819,0.00012144875,0.003996437,-0.0054684225,-0.014852195,0.00073379313,0.0002213504,0.0006649533,0.000516554,0.00036522123,0.030569552,-0.00037507687,-0.0025598602,-0.006331593,-0.006230249,0.002877472,-5.2550167e-05
548,0.13247629,-0.015886549,-0.1872581,0.12664413,-0.0008889758,-0.0018973197,-0.009955684,-0.06360176,0.013238739,-0.0077060843,-0.0006365916,-0.0003487625,-0.0035886683,0.00036522123,0.02760753,-0.00044253678,0.00074461475,0.0005657773,-0.005410404,-0.0058537014,0.0017137728
561,-0.35945168,-0.0373128,-0.11012603,-0.4688283,-0.005598232,-0.00070116814,-0.010100768,-0.045600418,-0.011190283,-1.3785313e-05,0.0007039198,0.0006649533,0.0027707757,-0.00013458732,0.006634633,-0.00029728722,-0.0025598602,-0.0058947694,-0.03500399,0.0028434813,-0.03259114
567,0.1410573,-0.031146577,-0.22174124,-0.3053367,0.0038918394,0.0002879699,-0.009091056,0.021525472,-0.03457047,0.0028123702,0.0002213504,0.0006649533,0.009103639,-0.00013458732,-0.031523474,-0.00029728722,-0.0025598602,-0.010659984,0.028743057,0.001484397,-0.029222367
576,0.23431009,-0.00862191,0.042326946,-0.45440084,-0.002027097,0.0031848617,-0.014198105,-0.027058277,0.008576972,-0.00040222608,-0.0005431657,0.0002641813,-0.0035934586,-0.00010839781,0.001328335,-0.00034076118,0.00024171798,-0.0026619544,-0.017271364,0.0005789252,-0.008107544
582,-0.3764302,0.012529395,-0.111609735,-0.19949877,-0.002288011,-0.0022641812,0.00274943,-0.009624639,-0.011526054,0.00073379313,-0.0024026232,0.0006649533,-0.0034206295,-0.00013458732,-0.040299945,-0.00029728722,-0.0025598602,-0.0060063824,-0.022302805,0.0005308125,-0.0032617133
583,-0.32589453,-0.023000913,-0.10815595,-0.34910044,-0.006742361,0.000927495,0.067638054,0.102761105,-0.010470241,0.00364104,0.0007039198,0.0006649533,0.0015654087,-0.00013458732,-0.025317606,-0.00029728722,-0.0025598602,-0.0060662515,-0.02474013,0.0014504065,-0.0075642173
584,-0.11356979,-0.010850286,0.057893123,0.14189158,-0.0009833868,0.000335673,-0.0043829638,-0.008295373,-0.005027947,-0.0003218928,-0.0005431657,0.0002641813,-0.0009885605,-0.00010839781,0.006121806,-0.00041855083,0.00024171798,-0.0021101423,-0.0077581853,0.0005789252,0.0007010029
585,0.1853579,-0.009286128,0.05924086,0.16160727,-0.00072848063,0.00035164307,-0.004061129,-0.0065294565,0.0033772027,-5.215837e-05,-0.0006365916,0.0003713698,-0.004094511,-9.808016e-06,0.0089782225,0.0012797262,0.00024171798,-0.0014739982,-0.0063025774,0.0005165025,-5.767611e-05
588,-0.28941926,0.012047762,-0.09834528,-0.27275193,0.004696236,0.000927495,0.017798293,0.024909023,-0.013018829,0.0014707489,0.0007039198,0.0006649533,0.0015654087,-0.00013458732,-0.02340167,-0.00029728722,-0.0025598602,-0.0055593182,0.050638583,0.0014504065,-0.004266807
590,0.396467,0.0014556764,0.06445507,0.16736257,-0.00062596577,-0.001143159,-0.0037276237,-0.0033585425,0.0037203806,-5.215837e-05,-0.0006365916,0.00033009902,-0.0049257255,0.00033355292,0.0110061625,-0.00041855083,0.0004058285,-0.0030766423,-0.004797545,-0.0009606522,0.0073310733
593,-0.3627878,-0.0373128,-0.11012603,-0.46896908,-0.005598232,0.00012144875,-0.010100768,-0.049365923,-0.014740552,-1.3785313e-05,0.0007039198,0.0006649533,0.0027707757,-0.00013458732,0.004728698,-0.00029728722,-0.0025598602,-0.0058947694,-0.03500399,0.0028434813,-0.032018777
596,-0.16713074,-0.020390132,-0.110253595,-0.37421554,0.019097954,0.000927495,-0.020482741,0.09920193,-0.013018829,0.00364104,0.0002213504,0.0006649533,0.0075279362,-0.00013458732,-0.008879219,-0.00029728722,-0.0025598602,-0.0054304595,0.09748042,0.001484397,-0.003327216
602,0.1928566,-0.0017269462,-0.16705535,0.15466015,-0.00072848063,-0.0013877688,-0.0049732225,-0.066252925,-0.006461544,-0.0077060843,-0.0006365916,-0.0010084726,-0.0041556493,-0.00010839781,0.008689077,-0.00056894275,0.00024171798,-0.0026121351,-0.0042188247,-0.005489838,0.0025871843
609,-0.15120777,-0.026603019,-0.11899363,-0.2564788,-0.0011438819,-0.0007262265,-0.005695385,-0.009570761,-0.012403349,-4.4935812e-05,-0.00033552924,0.00030545206,-0.0009681056,0.00036522123,0.003982611,0.00093957427,0.00074461475,-0.007700893,-0.009826529,0.00021506162,-0.018731292
610,-0.2427629,-0.015456312,0.058104903,0.11956438,0.0032569799,0.0008711969,-0.004308264,0.020919833,-0.0064503266,0.0016529867,0.00022135042,0.00073087105,0.007006429,-9.808016e-06,-0.015126554,-0.00029728722,-0.0008620957,-0.003229096,0.025658965,0.0011314349,-0.0040932014
613,-0.17727187,0.011306077,-0.104711436,-0.17022541,-0.0011438819,-0.00066058704,0.003996437,-0.0067448053,0.0033643006,0.00073379313,-0.00033552924,0.0006649533,-0.0009681056,-0.00013458732,0.014688418,-0.00029728722,-0.0025598602,-0.0043400787,-0.009799578,0.00021506162,-0.002933594
617,-0.38886812,-0.023993287,0.04254856,-0.18717454,-0.0009833868,-0.00075746624,-0.0020141355,-0.008192529,-0.0031349307,0.00073379313,-0.0003355292,0.00030545206,-0.0009885605,0.00010971639,0.008340498,0.00096059573,-0.0008620957,-0.0023195788,-0.009132661,0.00048251194,-0.0027589076
628,0.5630207,-0.010130093,-0.2273554,0.107863784,-0.00078646094,-0.0012963092,-0.0020434365,-0.0052182274,0.052089527,-0.0033212502,-0.0011900627,-0.003974696,-0.0019747135,0.0022757691,0.041330997,-0.004770233,0.007313377,0.062399317,-0.0075197606,-0.006374589,-0.015984766
631,0.50351053,-0.011930894,-0.2330056,0.0668983,-0.00078646094,-0.0014374,-0.0020434365,-0.004498597,0.015652783,0.00035943015,-0.0006365916,0.0020509218,-0.0019377246,-0.0004371136,0.03965738,0.0047648815,0.006755036,-0.0024427772,-0.0075197606,0.00038484612,-0.011944756
637,-0.37139162,-0.014045366,0.050827384,0.08164349,-0.0009833868,9.258162e-05,-0.0020141355,-0.008128639,0.0026285239,-4.4935812e-05,-0.0003355292,0.0002641813,-0.0009885605,0.00010971639,0.008730583,-0.00034076118,0.00024171798,-0.00027695473,-0.008328364,0.0005449347,-2.0959735e-05
650,-0.2041259,0.014382748,-0.10576434,-0.2521061,0.004696236,0.000927495,-0.006385534,0.021349855,-0.013018829,0.0014707489,0.0002213504,0.0006649533,0.0075279362,-0.00013458732,-0.018159812,-0.00029728722,-0.0025598602,-0.0053705904,0.037218545,0.0014504065,-0.005205243
651,-0.3660843,-0.017231828,0.046538047,-0.18624306,-0.0009833868,-0.0007825246,-0.0048188227,-0.008894788,-0.008356989,-4.4935812e-05,-0.0003355292,0.0002641813,-0.0009885605,0.00027066018,0.007748192,-0.00034076118,0.00024171798,-0.0035768696,-0.008397651,0.0005449347,-0.00090100896
654,0.14870107,-0.018262623,-0.19614588,-0.17566638,-0.0008889758,-0.00018522781,-0.0077467295,-0.0070904307,0.013302427,-0.00023439626,-0.0006365916,0.0002641813,-0.0035730035,0.00036522123,-0.010348451,-0.00034076118,0.00074461475,0.0006066065,-0.0072233463,0.00021506162,-0.0098349005
660,-0.17083763,-0.02733962,-0.11655031,-0.24487014,-0.0011438819,-0.0007262265,-0.005695385,-0.009506872,-0.0086256405,-4.4935812e-05,-0.00033552924,0.0002641813,-0.0009681056,0.00036522123,0.0041381903,-0.00041855083,0.00074461475,-0.0025049127,-0.009826529,0.00021506162,-0.016806722
680,-0.20179386,0.018077686,-0.10702995,-0.20634302,-0.0011438819,-0.0007262265,-0.005695385,-0.009519652,-0.014740552,-4.4935812e-05,-0.00033552924,0.0002641813,-0.0009681056,-0.00013458732,0.011074018,-0.00034076118,-0.0025598602,-0.005949447,-0.009826529,0.00018107111,0.0008634358
693,0.15772632,-0.022808053,-0.22797865,0.10208939,0.0038918394,0.00032855093,-0.009160789,0.021301396,-0.03341004,0.0028708,0.0002213504,0.0006649533,0.0073448764,-0.00025411174,-0.031773053,-0.00029728722,-0.0025598602,-0.010788533,0.028770007,0.001484397,-0.009013202
705,-0.1801613,0.0053489464,-0.09975272,-0.16851208,-0.0011438819,-0.00066058704,0.0017146209,-0.0077246847,0.0046555726,0.00073379313,-0.00033552924,0.0006649533,-0.0009681056,-0.00013458732,0.02103716,-0.00037507687,0.00061116624,-0.00011203365,-0.009472375,0.00021506162,-0.00384958
710,-0.30451924,-0.02209594,-0.103144825,-0.30455044,-0.006742361,0.000927495,0.062096227,0.09938921,-0.0120242415,-1.3785313e-05,0.0007039198,0.0006649533,0.009782158,-0.00013458732,-0.013516033,-0.00029728722,-0.0025598602,-0.0058775237,0.08211344,0.0014504065,-0.007609912
720,-0.21662255,-0.01715239,0.057971597,0.14155409,-0.0009833868,-0.0007825246,-0.0048188227,-0.008882008,-0.004140593,-4.4935812e-05,-0.0003355292,0.0002641813,-0.0009885605,0.00027066018,0.010746603,-0.00034076118,0.00024171798,-0.0036113812,-0.008568672,0.0005789252,-0.0007265272
721,-0.35971573,0.013128186,-0.111522034,-0.46658012,-0.004060218,-0.0023047624,-0.010130085,-0.033048168,-0.011213782,-1.3785313e-05,-0.0024026232,0.0006649533,0.0015654087,-0.00013458732,-0.040318307,-0.00029728722,-0.0025598602,-0.0060063824,-0.042523988,0.0014504065,-0.0006782621
733,0.73620236,-0.004033033,0.08576957,0.17012262,-0.00062596577,-0.0012310576,-0.0047662226,-0.023226568,0.00030400633,-0.005343984,-0.0006365916,-0.0021870425,-0.0023460966,-2.5605721e-05,0.010163229,0.0047648815,0.0008891388,-0.006223061,-0.0046211444,0.0007487098,0.0012439399
736,-0.35685304,0.013128186,-0.11101873,-0.4668453,-0.004060218,0.000927495,-0.010130085,-0.033048168,-0.013018829,-1.3785313e-05,0.0007039198,0.0006649533,0.0015654087,-0.00013458732,-0.037690468,-0.00029728722,-0.0025598602,-0.0060063824,-0.042523988,0.0014504065,-0.00010589833
741,-0.2349062,-0.013873111,-0.20041879,0.17689177,-0.0009833868,6.752331e-05,-0.0048188227,-0.008951445,0.002746739,0.00013730205,-0.0006365916,0.00033009902,-0.0009885605,-9.808016e-06,0.01956373,-0.00041855083,0.00024171798,-0.0009997704,-0.008499386,0.0005789252,0.00039868488
756,-0.21064429,0.018077686,-0.10457861,-0.20625171,-0.0011438819,-0.00070116814,0.003996437,-0.007737465,-0.011621834,0.00073379313,-0.00033552924,0.0006649533,-0.0009681056,-0.00013458732,0.013062079,-0.00029728722,-0.0025598602,-0.0058349003,-0.009826529,0.00018107111,0.0008634358
757,0.22193728,-0.017371148,-0.23512319,-0.28884616,-0.00078646094,-3.123659e-05,-0.0059909434,-0.006184419,-0.049110424,-0.00023439626,-0.0006365916,0.0002641813,-0.0035730035,-0.0011191189,0.035651628,-0.00041855083,0.00074461475,-0.012498101,-0.0066440427,0.00097408047,-0.016709313
764,-0.35685304,0.013128186,-0.11101873,-0.4668453,-0.004060218,0.000927495,-0.010130085,-0.033048168,-0.013018829,-1.3785313e-05,0.0007039198,0.0006649533,0.0015654087,-0.00013458732,-0.037690468,-0.00029728722,-0.0025598602,-0.0060063824,-0.042523988,0.0014504065,-0.00010589833
771,-0.36646953,0.013128186,-0.11027084,-0.4668453,-0.004060218,0.000927495,-0.008371569,-0.033048168,-0.013018829,-1.3785313e-05,0.0007039198,0.0006649533,-0.008514008,-0.00013458732,-0.037690468,-0.00029728722,-0.0025598602,-0.0060063824,-0.042523988,0.0014504065,-0.00010589833
777,0.19563015,-0.006680942,-0.18253566,0.1247586,-0.0008325521,-0.0013690578,-0.006141203,-0.0052928342,0.015007823,-0.00023439626,-0.0006365916,0.0002641813,-0.0035730035,0.0011731003,0.02793218,-0.00041855083,0.00074461475,0.0006066065,-0.006141861,-0.0055345097,-0.009235807
778,-0.25333068,-0.0063843476,0.020730905,-0.31844762,0.0032569799,0.00032768794,-0.004308264,0.021001816,-0.008235739,0.0014707489,0.00022135042,0.0006649533,0.0074290237,0.00010971639,-0.014022756,-0.00029728722,-0.0008620957,-0.003855484,0.025308836,0.0011314349,-0.0088429935
780,-0.26422405,-0.016518427,-0.18774879,0.13557419,-0.0009833868,-0.00075746624,-0.0020141355,-0.007327265,-0.0030944818,0.00073379313,-0.0003355292,0.0006649533,-0.0009885605,0.00010971639,0.008730583,-0.00029728722,-0.0008620957,-0.003368285,-0.008568672,0.0005789252,-0.007843108
781,-0.28080502,0.000678697,-0.27711418,-0.2662342,-0.0009833868,-0.0012987134,-0.0048188227,-0.009109452,-0.00074543856,-4.4935812e-05,-0.0003355292,0.0002641813,-0.0009885605,0.00010971639,0.010654418,-0.00034076118,0.0001082694,-0.0031331647,-0.008918801,0.0005449347,-0.009781451
782,0.18761632,-0.012308387,-0.25615734,-0.32440627,-0.00072848063,0.0032121816,-0.004061129,-0.0066802306,0.008422652,-0.00023439626,-0.0006365916,0.0002641813,-0.0035934586,0.00010971639,0.011882079,-0.00041855083,0.00024171798,-0.001582787,-0.0023748265,0.0005789252,-0.015680114
798,0.36374247,-0.0045297085,-0.319228,0.15106907,-0.00078646094,-0.00049364736,-0.0169102,-0.008278671,-0.060988404,0.00090199214,-0.0006365916,0.0006558388,-0.004352878,-0.0022191433,0.028801898,-0.0008950308,0.0051465943,-0.009298794,-0.0059195934,-0.0006528573,0.0068855863
799,-0.3696333,-0.03821777,-0.109461635,-0.4687039,-0.005598232,0.00012144875,-0.008342251,-0.045600418,-0.010067834,-1.3785313e-05,0.0007039198,0.0006649533,-0.0073086405,0.00036522123,0.0056189205,-0.00029728722,-0.0025598602,-0.0058947694,-0.03500399,0.0028434813,-0.03259114
816,-0.28418678,0.014087014,-0.09953613,-0.259987,0.0012006882,0.000927495,0.017058607,0.02090668,-0.0120242415,0.00073379313,0.0007039198,0.0006649533,0.00012618201,-1.3836743e-05,-0.024635576,-0.00029728722,-0.0025598602,-0.0060063824,0.03264518,0.0014504065,-0.0032693744
817,-0.18435353,0.009727573,-0.09534407,-0.24946065,-0.0011438819,-0.00070116814,0.003996437,-0.0077246847,0.0047451034,0.00073379313,-0.00033552924,0.0006649533,-0.0009681056,-0.00013458732,0.024087265,-0.00037507687,-0.0025598602,0.0015148016,-0.009499327,0.00021506162,-0.0025359378
824,-0.15250623,0.01221105,-0.1112606,-0.16734356,-0.0011438819,-0.00066058704,0.0017146209,-0.0077246847,-0.011123646,0.00073379313,-0.00033552924,0.0006649533,-0.0009681056,-0.00013458732,0.015390342,-0.00037507687,-0.0025598602,-0.0058349003,-0.009799578,0.00021506162,-0.0022923797
838,-0.46969467,-0.042514898,0.014571292,-0.49020302,-0.0027555942,-0.00045103836,-0.012611836,-0.040412676,-0.009957462,-1.3785313e-05,0.0007039198,0.0006649533,0.0027503206,0.00010971639,0.006892344,-0.00029728722,-0.0008620957,-0.003368285,-0.033251666,0.0013941556,-0.02392516
842,-0.31362295,0.01649134,-0.10092203,-0.21320412,-0.0011438819,0.00012144875,0.003996437,-0.0047058985,-0.014740552,0.00073379313,0.0007039198,0.0006649533,-0.0073086405,-0.00013458732,0.010565314,-0.00029728722,-0.0025598602,-0.0058349003,-0.012878446,0.0028434813,0.001183814
846,-0.36466146,-0.02013902,0.020241566,-0.49101853,-0.0027555942,-0.0012736551,-0.014893652,-0.03536494,-0.009957462,-1.3785313e-05,0.00022135042,0.0006649533,-0.0009885605,0.00010971639,0.0072429143,-0.00029728722,-0.0008620957,-0.003368285,-0.030199744,0.0013941556,-0.01740691
857,0.16098282,-0.019972458,-0.2271048,0.12879717,-0.0008889758,-0.00018522781,-0.0077467295,-0.007586844,-0.032256253,-0.00017596647,-0.0006365916,0.0002641813,-0.0035730035,0.00024569684,-0.012456637,-0.00034076118,0.00074461475,-0.011791289,-0.0077737905,0.00021506162,-0.012051738
867,0.25315806,-0.032286953,-0.30536282,0.13295333,0.003513881,1.7578841e-05,-0.012891992,0.020837542,-0.056377947,0.0029946081,0.0002213504,0.00073087105,0.008522245,-0.0022191433,-0.035487335,-0.00029728722,-0.008336882,-0.016423134,0.021911792,0.0022434157,-0.01613264
869,-0.34682074,-0.028660418,-0.11248012,-0.40303075,-0.006742361,0.000927495,-0.009589257,0.08067261,-0.011213782,-1.3785313e-05,0.0007039198,0.0006649533,0.0015654087,-0.00013458732,-0.02835504,-0.00029728722,-0.0025598602,-0.0060662515,-0.042523988,0.0014504065,-0.012609807
886,-0.21961023,0.018077686,-0.100666575,-0.20653296,-0.0011438819,0.00012144875,0.0057549565,-0.0055014356,-0.014740552,0.00073379313,0.0002213504,0.0006649533,-0.0009681056,-1.3836743e-05,0.010565314,-0.00029728722,-0.0025598602,-0.0058349003,-0.009255358,0.0028434813,0.0008634358
889,-0.3157062,0.015321676,-0.107390195,-0.21209535,-0.002288011,0.000927495,0.004507949,-0.0050104912,-0.011213782,0.00073379313,0.0007039198,0.0006649533,0.0015654087,-0.00013458732,-0.038924377,-0.00029728722,-0.0025598602,-0.0060063824,-0.02039845,0.0014504065,-0.0006782621
893,-0.26753432,-0.016518427,0.05635088,0.11645878,-0.0009833868,-0.00075746624,-0.0020141355,-0.007327265,0.0026285239,0.00073379313,-0.0003355292,0.0006649533,-0.0009885605,0.00010971639,0.008730583,-0.00029728722,0.00024171798,-0.0006540583,-0.008499386,0.0005789252,-0.0071375403
904,-0.24951574,-0.039331038,-0.2728047,-0.301335,-0.0009833868,-0.0012987134,-0.0048188227,-0.009096672,-0.0015646265,-4.4935812e-05,-0.0003355292,0.0002641813,-0.0009885605,0.00010971639,0.017706266,-0.00041855083,0.00024171798,-0.0034828316,-0.008918801,0.0005789252,-0.02002935
914,0.5214342,-0.012802473,-0.2515049,-0.29353586,-0.00078646094,-0.0014525914,-0.0020434365,-0.0029297194,0.019116525,0.00035943015,-0.0006365916,0.0009896636,-0.0028834231,0.0022757691,-0.02795508,-0.003403721,0.006755036,0.0437545,-0.005804059,0.002321947,0.004180287
926,-0.38242057,-0.03400348,-0.11466117,-0.46812555,-0.006742361,-0.0023047624,-0.01207068,-0.056823716,-0.0120242415,-1.3785313e-05,-0.0024026232,0.0006649533,-0.008514008,-0.00013458732,-0.030649696,-0.00029728722,-0.0025598602,-0.0060662515,-0.045735788,0.0005308125,-0.022670269
936,-0.28937176,0.014351705,-0.099268235,-0.24097173,-0.0011438819,0.00012144875,0.018305613,0.018991886,-0.010067834,0.00073379313,0.0007039198,0.0006649533,-0.002215263,-0.00013458732,0.012620301,-0.00029728722,-0.0025598602,-0.0058349003,-0.011597953,0.0028434813,-0.0025520255
939,0.49249676,-0.0096633015,-0.23523726,0.068558335,-0.00078646094,-0.001349396,-0.0020434365,-0.0040059364,0.014948271,-0.0012690068,-0.0006365916,0.0015521941,-0.0019377246,-0.0011191189,0.03965738,-0.0025826301,0.006755036,-0.001255168,-0.0075197606,-0.011139495,-0.019061336
941,-0.20926727,0.01744287,-0.10474662,-0.20708084,-0.0011438819,-0.00070116814,0.003996437,-0.0067448053,-0.014740552,0.00073379313,0.0002213504,0.0006649533,-0.0009681056,-1.3836743e-05,0.013689212,-0.00029728722,-0.0025598602,-0.0058349003,-0.009255358,0.0028434813,0.0008634358
943,-0.21562392,0.011752676,-0.10250462,-0.21107507,-0.0011438819,-0.00070116814,0.003996437,-0.0055014356,-0.010596684,0.00073379313,-0.00033552924,0.0006649533,-0.0009681056,-0.00013458732,0.011850594,-0.00029728722,-0.0025598602,-0.0058349003,-0.009826529,0.00018107111,-0.007813572
946,0.7427463,0.0027108393,0.075092874,0.17501976,-0.00062596577,0.00034471625,-0.0047662226,-0.019885518,-0.0022905765,-0.0048627593,-0.0006365916,-0.004676505,-0.0037928473,-0.00076223724,0.014607951,-0.0029319152,0.0008891388,0.009179468,-0.0048287213,-0.010775631,0.0065224413
952,-0.4049131,0.0005289308,-0.28966466,-0.26696593,-0.001228265,-0.0028772494,-0.0005764817,-0.00921444,-0.0015359198,0.00073379313,-0.0024026232,0.0006649533,-0.0034410846,0.00010971639,-0.02756877,-0.00029728722,-0.0008620957,-0.0031901002,-0.017796708,0.00061942614,-0.010273565
965,-0.36923525,-0.03400348,-0.11516449,-0.46786037,-0.006742361,-0.0023047624,-0.011347775,-0.045905013,-0.011213782,-1.3785313e-05,-0.0024026232,0.0006649533,0.0015654087,-0.00013458732,-0.029915549,-0.00029728722,-0.0025598602,-0.0060662515,-0.045735788,0.0005308125,-0.023242632
988,-0.036424033,-0.006871268,-0.15771516,-0.48662606,-0.0029160893,-0.00044210663,-0.020934159,-0.03406565,-0.024232037,-0.00040222608,-0.00033552924,0.0002641813,-0.0009681056,-1.3836743e-05,0.026779035,-0.00041855083,0.00074461475,-0.009800193,-0.025191382,0.00021506162,-0.018592842
994,0.625387,-0.0018684693,-0.2865289,0.15524362,-0.00078646094,0.005046687,-0.020688478,-0.01780099,0.048468694,-0.0048627593,-0.0011900627,-0.0035887237,0.009801434,0.0013106547,0.036926202,-0.004770233,0.007313377,0.06458807,-0.005743194,-0.006374589,0.010277269
1004,-0.2975032,-0.04627065,0.025682515,-0.29089877,0.0032569799,0.00035500794,-0.004308264,0.021074472,-0.008235739,0.0014707489,0.00022135042,0.0006649533,0.0075074816,0.00010971639,-0.014022756,-0.00029728722,-0.0008620957,-0.003256371,0.02661464,0.0010974443,-0.02569977
1009,-0.3499268,0.01429785,-0.104306,-0.46768883,-0.0029160893,0.00012144875,-0.0088830795,-0.032743577,-0.014740552,-1.3785313e-05,0.0007039198,0.0006649533,0.0027707757,-0.00013458732,0.010565314,-0.00029728722,-0.0025598602,-0.0058349003,-0.03500399,0.0028434813,0.001183814
1018,0.18260528,-0.0143547105,-0.17508611,0.12746686,-0.0008889758,-4.1358337e-05,0.01600582,-0.0010993178,0.013302427,-0.00023439626,-0.0005431657,0.0002641813,-0.0035730035,-1.3836743e-05,0.016932124,-0.00041855083,0.00074461475,0.0012390887,-0.007446589,0.00021506162,-0.009052543
1033,-0.108900286,-0.009361381,0.045558427,0.13452047,-0.0009833868,0.000335673,-0.0043829638,-0.008510036,0.002492628,-0.0003218928,-0.0006365916,0.0002641813,-0.0011702966,0.00027066018,0.014842701,-0.00041855083,0.00024171798,-0.00032060355,-0.010949049,-0.010036605,-0.007101071
1034,0.15677337,0.008184898,-0.16365448,-0.26847488,-0.0008889758,0.0001835276,0.016694797,-0.000580239,0.01243172,0.0024169218,-0.00033552924,0.0006649533,0.002545803,-1.3836743e-05,0.024318432,-0.00037507687,-0.0025598602,-0.002031742,-0.0074735405,0.00021506162,-0.004389702
1043,0.6108269,-0.0007757562,-0.28749624,0.15524362,-0.00078646094,0.005046687,-0.020688478,-0.03481553,0.048468694,-0.0048627593,-0.0011900627,-0.0035887237,0.01331058,-0.0020842333,0.04043845,-0.0075554717,0.007313377,0.06782664,-0.006718774,-0.006374589,0.010277269
1061,-0.17494065,0.0053489464,-0.102659054,-0.16851208,-0.0011438819,-0.00066058704,0.0017146209,-0.0077246847,0.0046555726,0.00073379313,-0.00033552924,0.0006649533,-0.0009681056,0.00036522123,0.02103716,-0.00037507687,-0.0025598602,-0.0043400787,-0.009799578,0.00021506162,-0.00384958
1073,0.58266455,-0.0018533781,-0.2792815,0.15247667,-0.00078646094,-0.0001921549,-0.020688478,-0.033662334,0.012573169,-0.0048627593,-0.0011900627,-0.004676505,-0.004004497,0.0013106547,0.03981762,-0.0057205544,0.006755036,0.06568081,-0.006718774,-0.009238882,0.009894785
1074,-0.21382977,0.018077686,-0.10362572,-0.20607781,-0.0011438819,-0.00070116814,0.003996437,-0.0055014356,-0.0108113745,0.00073379313,0.0002213504,0.0006649533,-0.0009681056,0.00036522123,0.012471249,-0.00029728722,-0.0025598602,-0.0058349003,-0.009255358,0.0028434813,0.0002910722
1079,-0.40254465,-0.020039922,0.05435174,0.041441616,0.0032569799,0.0008711969,-0.004308264,0.020919833,-0.00659921,0.0014707489,0.00022135042,0.0006649533,0.0075074816,0.00010971639,-0.015126554,-0.00029728722,-0.0008620957,-0.0033849205,0.025658965,0.0010974443,-0.0054906053
1084,-0.09262124,0.0055536423,-0.1342891,-0.37719902,0.01131438,0.00015318864,-0.021899631,0.0767453,-0.016976539,0.0052366722,0.0002213504,0.0006649533,0.0075279362,-0.00013458732,-0.016640298,-0.00029728722,-0.0025598602,-0.006835731,0.08614164,0.001484397,-0.014998566
1106,-0.2890512,-0.017683633,-0.098854244,-0.28351444,0.019097954,0.000927495,0.067638054,0.102761105,-0.013018829,0.00364104,0.0007039198,0.0006649533,0.009782158,0.00036522123,-0.010547193,-0.00029728722,-0.0025598602,-0.0054304595,0.11090046,0.0014504065,-0.0030068378
1108,-0.00789216,-0.026370164,-0.15081812,-0.16643284,-0.0011438819,-0.00018522781,-0.008054641,-0.008824014,0.005861796,-0.00023439626,-0.0006365916,0.0002641813,-0.0011498416,0.00036522123,-0.0016851743,-0.00041855083,0.00074461475,0.0010389711,-0.008281776,0.00021506162,-0.009937907
1110,-0.17376032,0.0034025651,-0.09940386,-0.25269538,-0.0011438819,-0.00024446167,-0.005695385,-0.009506872,0.0079666525,-4.4935812e-05,-0.0006365916,0.0002641813,-0.0009681056,-0.00013458732,0.020511474,-0.00041855083,0.00074461475,-0.00022658033,-0.009002329,0.00021506162,-0.007945904
1111,-0.26883742,-0.031315826,-0.10059345,-0.35502446,-0.005598232,0.00012144875,0.068885066,0.09728714,0.0047451034,-1.3785313e-05,0.0002213504,0.0006649533,-0.0009681056,-1.3836743e-05,0.013222734,-0.00037507687,-0.0025598602,-0.0058947694,-0.0313809,0.0028434813,-0.019126642
1113,-0.39214388,0.012888094,-0.11194332,-0.19987294,-0.002288011,0.0009680761,0.0020265258,-0.015929192,-0.012985861,0.00073379313,0.0007039198,0.0006649533,-0.008514008,0.00036522123,-0.039528415,-0.00029728722,-0.0025598602,-0.0060063824,-0.020371499,0.0014504065,-0.0034361952
1114,-0.3205492,0.015321676,-0.10763477,-0.21236056,-0.002288011,0.000927495,0.00274943,-0.0050104912,-0.013018829,0.00073379313,0.0007039198,0.0006649533,-0.008514008,-0.00013458732,-0.037690468,-0.00029728722,-0.0025598602,-0.0060063824,-0.02039845,0.0014504065,-0.00010589833
1117,-0.31343913,0.015321676,-0.10763477,-0.21236056,-0.002288011,0.000927495,0.00274943,-0.0050104912,-0.013018829,0.00073379313,0.0007039198,0.0006649533,0.0015654087,-0.00013458732,-0.037690468,-0.00029728722,-0.0025598602,-0.0060063824,-0.02039845,0.0014504065,-0.00010589833
1132,-0.22504851,0.010583013,-0.10883308,-0.21010715,-0.002288011,-0.0023047624,0.00274943,-0.005806029,-0.010620183,0.00073379313,-0.00033552924,0.0006649533,-0.0021734724,0.00036522123,-0.03919615,-0.00029728722,-0.0025598602,-0.0060063824,-0.01734653,0.0005308125,-0.009103283
1137,-0.4996214,-0.023666605,0.046116553,0.081419095,-0.001228265,-0.0023861188,-0.0038470025,-0.017086517,-0.0056406786,0.00073379313,-0.0024026232,0.0006649533,-0.0034410846,0.00010971639,-0.030228037,-0.00029728722,0.00024171798,-0.0037483517,-0.018727073,0.00061942614,-0.004159183
1138,-0.3668094,-0.03400348,-0.11371073,-0.46812555,-0.006742361,0.000927495,-0.009589257,-0.045905013,-0.013018829,-1.3785313e-05,0.0007039198,0.0006649533,0.0015654087,-0.00013458732,-0.028409872,-0.00029728722,-0.0025598602,-0.0060662515,-0.042523988,0.0014504065,-0.022670269
1140,-0.21268351,-0.034256727,-0.117923155,-0.21285671,-0.0011438819,-0.00070116814,-0.005695385,-0.008671286,-0.012296175,0.00073379313,-0.00033552924,0.0006649533,-0.0009681056,0.00036522123,0.003982611,-0.00029728722,-0.0025598602,-0.007498777,-0.009826529,0.00018107111,-0.018731292
1142,0.72780883,0.003904502,0.0802938,0.17007074,-0.00062596577,-0.0009995156,-0.0043966835,-0.009021834,-0.0023557814,-0.005343984,-0.0006365916,-0.0027495727,-0.0037928473,-0.00013466083,0.00804717,0.009325916,0.0008891388,0.012915377,-0.0046211444,-0.010004652,0.0077635488
1145,-0.35135424,-0.03821777,-0.113322504,-0.47050723,-0.005598232,-0.00070116814,-0.019792592,-0.054626316,-0.010067834,-1.3785313e-05,-0.0024026232,0.0002641813,-0.002215263,-0.00013458732,0.006127625,-0.00034076118,-0.0025598602,-0.005930394,-0.03821579,0.00018107111,-0.03259114
1146,-0.36430302,-0.03400348,-0.114458606,-0.46812555,-0.006742361,0.000927495,-0.011347775,-0.045905013,-0.013018829,-1.3785313e-05,0.0007039198,0.0006649533,0.0015654087,-0.00013458732,-0.028409872,-0.00029728722,-0.0025598602,-0.0060662515,-0.042523988,0.0014504065,-0.022670269
1151,0.76194406,0.004137003,0.08175263,0.17149676,-0.00062596577,-0.0017531774,-0.0047662226,-0.008120269,-0.00309346,-0.0048627593,-0.0006365916,-0.0027495727,-0.0037928473,0.0001093044,0.015610768,0.012235673,0.0008891388,0.045224845,-0.0048287213,-0.0081040375,0.008759382
1168,-0.14467055,0.0043032803,-0.11261744,-0.16730782,-0.0011438819,-0.0006856454,-0.0061519514,-0.009570761,-0.010250882,-4.4935812e-05,-0.00033552924,0.00030545206,-0.0009681056,-0.00013458732,0.023719065,0.0008617847,-0.0025598602,-0.006072641,-0.009799578,0.00021506162,-0.0032083658
1169,-0.2958484,0.0136990575,-0.10670968,-0.19681954,-0.0011438819,-0.00066058704,0.0017146209,-0.007737465,-0.014707584,0.00073379313,0.0002213504,0.0006649533,-0.0009681056,-0.00013458732,0.012236355,-0.00029728722,-0.0025598602,-0.0058349003,-0.009792396,0.00018107111,-0.0021464834
1177,0.26243126,-0.017371148,-0.18754931,-0.28744555,-0.00078646094,-0.0003691319,-0.0059909434,-0.0031214065,0.021147288,-0.00023439626,-0.00033552924,0.0002641813,-0.0035730035,0.0022757691,0.035651628,-0.00041855083,0.00074461475,-0.0035280527,-0.006316842,0.00097408047,-0.014992179
1178,-0.31343913,0.015321676,-0.10763477,-0.21236056,-0.002288011,0.000927495,0.00274943,-0.0050104912,-0.013018829,0.00073379313,0.0007039198,0.0006649533,0.0015654087,-0.00013458732,-0.037690468,-0.00029728722,-0.0025598602,-0.0060063824,-0.02039845,0.0014504065,-0.00010589833
1182,-0.328048,-0.054207806,-0.12439155,0.07238914,-0.002288011,-0.0022641812,0.00274943,-0.010881463,-0.013055873,0.00073379313,-0.00033552924,0.0006649533,-0.0021734724,-0.00013458732,-0.050258268,-0.00029728722,-0.0025598602,-0.0076346346,-0.017319579,0.0005308125,-0.01265936
1190,0.19908996,-0.0017269462,0.064529985,0.13601023,-0.00072848063,0.00032432307,-0.004061129,-0.0063835843,-0.006131973,-0.00023439626,-0.0006365916,0.0002641813,-0.0041399845,0.00027066018,0.01143089,-0.00041855083,0.00024171798,-0.002226237,-0.0063025774,0.0005789252,0.0019517625
1197,-0.29702017,-0.04383417,-0.2703377,-0.2681871,-0.0009833868,-0.0012736551,0.00026768076,-0.0063473857,0.007882152,0.00073379313,-0.0003355292,0.0006649533,-0.0009885605,0.00010971639,0.0074545965,-0.00029728722,-0.0008620957,-0.001835083,-0.008918801,0.0005449347,-0.018318562
1204,0.19669181,-0.023234189,-0.25862035,0.10047779,0.003513881,0.0002576562,-0.012989217,0.021252073,-0.05365369,0.0028123702,0.0002213504,0.0006649533,0.009103639,-0.0022217876,-0.03516695,-0.00029728722,-0.0025598602,-0.014458772,0.028634597,0.0018362532,-0.017993173
1208,-0.28573406,-0.036631424,-0.111430235,-0.47124863,-0.005598232,-0.00070116814,-0.010100768,-0.04861921,-0.010067834,-1.3785313e-05,-0.00033552924,0.0006649533,-0.0009681056,0.00036522123,0.009333649,-0.00029728722,-0.0025598602,-0.0058947694,-0.032516055,0.00018107111,-0.03259114
1211,-0.3412329,-0.056042857,-0.11898893,-0.22153297,-0.002288011,-0.0023047624,0.0020265258,-0.015929192,-0.01473298,0.00073379313,-0.0024026232,0.0006649533,0.0015654087,-0.00013458732,-0.0482607,-0.00029728722,-0.0025598602,-0.0076346346,-0.02361025,0.0005308125,-0.027569737
1220,-0.36808655,-0.009361419,0.055167824,-0.19419044,-0.001228265,-0.0026333653,-0.004308264,-0.03208348,0.002226116,-0.0022084936,-0.0006365916,-0.0003487625,-0.002756118,0.00027066018,-0.029729914,-0.00034076118,0.00024171798,-0.0015273796,-0.010208821,-0.0037658585,0.002796459
1226,-0.31343913,0.015321676,-0.10763477,-0.21236056,-0.002288011,0.000927495,0.00274943,-0.0050104912,-0.013018829,0.00073379313,0.0007039198,0.0006649533,0.0015654087,-0.00013458732,-0.037690468,-0.00029728722,-0.0025598602,-0.0060063824,-0.02039845,0.0014504065,-0.00010589833
1235,-0.28382593,-0.02048847,-0.10475047,-0.3302044,0.019097954,0.000927495,-0.020482741,0.102761105,-0.013018829,0.00364104,0.0007039198,0.0006649533,0.009782158,0.00036522123,-0.008879219,-0.00029728722,-0.0025598602,-0.0054304595,0.11090046,0.0014504065,-0.0030068378
1240,-0.3270937,-0.030004904,-0.106834784,-0.4089767,0.019097954,0.000927495,-0.009589257,-0.045905013,-0.013018829,0.00364104,0.0007039198,0.0006649533,0.009782158,-0.00013458732,-0.011835934,-0.00029728722,-0.0025598602,-0.0058775237,0.08211344,0.0014504065,-0.018685253
1249,0.6123061,-0.010696931,0.0670833,0.038436178,-0.00062596577,0.0002833009,-0.0043966835,-0.003531174,-0.0015238652,0.00035943015,-0.0006365916,0.0015521941,-0.0021625252,-0.0012538094,0.011583182,-0.0022742394,0.0008891388,-0.0050857854,-0.004928814,0.0030133752,-0.004943224
1253,-0.21707195,0.011752676,-0.10203137,-0.21191323,-0.0011438819,-0.00070116814,0.0017146209,-0.007737465,-0.012697807,0.00073379313,-0.00033552924,0.0006649533,-0.0009681056,-0.00013458732,0.013017596,-0.00029728722,0.00074461475,-0.0058349003,-0.009826529,0.0028434813,-0.008844055
1255,0.7326546,0.003904502,0.08348578,0.17206241,-0.00062596577,-0.0009995156,-0.0043966835,-0.00010308694,-0.00068066944,0.0009779112,-0.0006365916,0.0018235422,-0.0036092761,-2.5605721e-05,-0.00024262183,-0.0037121116,0.0008891388,0.03017567,-0.0046211444,-0.008875018,0.009313295
1258,-0.21548755,0.017172713,-0.102846496,-0.20607781,-0.0011438819,-0.00070116814,0.003996437,-0.0055014356,-0.010067834,0.00073379313,-0.00033552924,0.0006649533,-0.0009681056,-0.00013458732,0.011850594,-0.00029728722,-0.0025598602,-0.0058349003,-0.009255358,0.00018107111,0.0002910722
1262,-0.22375877,0.017172713,-0.10222622,-0.20607781,-0.0011438819,-0.00070116814,0.003996437,-0.0055014356,-0.010067834,0.00073379313,-0.00033552924,0.0006649533,-0.0009681056,0.00036522123,0.011850594,-0.00029728722,-0.0025598602,-0.0058349003,-0.010390517,0.00018107111,0.0006114503
1268,0.33569044,-0.012768907,0.104698494,0.10601076,0.0020746244,0.00016077698,-0.0045053205,0.020864325,-0.011965079,0.0028123702,0.00022135042,0.0006649533,0.009083185,0.0009908596,-0.014407028,-0.00029728722,-0.0008620957,-0.006670517,0.01644105,0.0018904537,-0.011988548
1271,0.19594795,-0.008268006,-0.1641748,0.17646207,-0.00072848063,0.00035164307,-0.004061129,-0.0065477844,0.0034176516,-5.215837e-05,-0.0006365916,0.00033009902,-0.0035934586,0.00015113576,-0.0006148728,-0.00034076118,0.00024171798,-0.0011236005,-0.0063025774,0.0005789252,-0.0018747245
1278,0.16574237,-0.004209271,0.08140298,0.15735869,-0.00072848063,-0.0014757728,-0.0049732225,-0.064357825,-0.00631266,-0.0069887256,-0.0006365916,0.00033009902,-0.004641037,0.00015113576,0.0010509812,-0.00041855083,0.00024171798,-0.002123621,-0.0042188247,-0.005170646,0.0021675397
1284,0.21544595,-0.0148645565,-0.17109655,0.15021938,-0.00072848063,0.00035164307,-0.004061129,-0.0065477844,0.0032994365,-0.00023439626,-0.0006365916,0.0002641813,-0.0035934586,0.00010971639,-0.0006148728,-0.00034076118,0.00024171798,-0.0010890886,-0.009444036,-0.010036605,-0.0018747245
1296,-0.13017479,-0.040294126,-0.120219536,-0.50270575,-0.005598232,-0.00043301843,0.00028171655,-0.043528683,0.006289263,0.0015818467,-0.00033552924,0.0006649533,-0.0009681056,-0.00013458732,0.004359916,-0.00037507687,-0.0025598602,0.0005185874,-0.027957276,0.00021506162,-0.032104556
1309,-0.11846976,-0.020316852,-0.1256997,0.12966329,-0.0011438819,-0.00046934758,-0.0061519514,-0.010083626,-0.010412851,-4.4935812e-05,-0.00033552924,0.0002641813,-0.0011498416,-0.00013458732,0.0024600644,-0.00034076118,0.00074461475,-0.007615721,-0.009799578,0.00021506162,-0.010197973
1310,-0.17427626,0.0053489464,-0.10146821,-0.16851208,-0.0011438819,-0.00066058704,0.003996437,-0.0067448053,0.0046555726,0.00073379313,-0.00033552924,0.0006649533,-0.0009681056,-0.00013458732,0.020490814,-0.00037507687,-0.0025598602,-0.00011203365,-0.009472375,0.00021506162,-0.00384958
1317,-0.22059159,-0.014438592,0.06448225,-0.15606628,-0.0009833868,-0.0007825246,-0.0048188227,-0.009096672,-0.008356989,-4.4935812e-05,-0.0003355292,0.0002641813,-0.0009885605,0.00010971639,0.010011957,-0.00041855083,0.00024171798,-0.0034828316,-0.008568672,0.0005789252,-0.008017589
1320,0.23266444,-0.028471658,-0.17253828,-0.43745843,-0.0022754567,-0.0066112787,0.0067624142,-0.036220778,0.026266307,-0.00040222608,-0.0006365916,0.00022056003,-0.0034264212,-0.0022217876,-0.014382843,-0.00048950734,-0.0028128251,0.03211202,-0.017358556,-0.0069429227,-0.019585611
1328,-0.32568374,-0.030004904,-0.10758267,-0.4110138,0.019097954,0.000927495,-0.011347775,-0.045905013,-0.013018829,-1.3785313e-05,0.0007039198,0.0006649533,0.009782158,-0.00013458732,-0.011835934,-0.00029728722,-0.0025598602,-0.0058775237,0.08211344,0.0014504065,-0.018685253
1334,0.7210078,0.0024783392,0.073500976,0.1720963,-0.00062596577,0.001098378,-0.0047662226,-0.018768953,-0.0029803836,-0.005343984,-0.0011900627,-0.004676505,-0.0036447046,0.0003590489,0.013145328,-0.0029319152,0.0008891388,0.015109842,-0.0046211444,-0.010775631,0.006226156
1339,-0.2858305,0.0136990575,-0.10623979,-0.19745925,-0.0011438819,-0.00066058704,0.003996437,-0.0055014356,-0.011123646,0.00073379313,-0.00033552924,0.0006649533,-0.0009681056,-0.00013458732,0.0132008875,-0.00029728722,-0.0025598602,-0.0058349003,-0.009799578,0.0028434813,-0.0022923797
1345,-0.31343913,0.015321676,-0.10763477,-0.21236056,-0.002288011,0.000927495,0.00274943,-0.0050104912,-0.013018829,0.00073379313,0.0007039198,0.0006649533,0.0015654087,-0.00013458732,-0.037690468,-0.00029728722,-0.0025598602,-0.0060063824,-0.02039845,0.0014504065,-0.00010589833
1347,0.19032834,-0.013359951,0.069129966,0.15812695,-0.00072848063,0.00035164307,-0.004061129,-0.006465567,-0.005983089,-5.215837e-05,-0.0006365916,0.00033009902,-0.0035934586,2.5054062e-05,0.011490236,-0.00041855083,0.00024171798,-0.0029140061,-0.0056560338,0.00045459496,-0.0017473461
1361,0.55663115,-0.004054999,-0.2987924,0.15283903,-0.00078646094,-0.0017679285,-0.020688478,-0.020716168,0.017420046,-0.005343984,-0.0006365916,-0.00798681,-0.004034555,0.0007910901,0.015457593,-0.0029319152,0.006755036,-0.00025058794,-0.005743194,-0.001968898,0.009361819
1366,-0.22091912,-0.018902125,-0.10783366,-0.3326578,0.019097954,0.000927495,-0.020482741,0.09920193,-0.013018829,0.00364104,0.0002213504,0.0006649533,0.0075279362,-0.00013458732,-0.008879219,-0.00029728722,-0.0025598602,-0.0054304595,0.09748042,0.0014504065,-0.003327216
1378,-0.31983188,0.014196238,-0.10722989,-0.23042773,-0.002288011,0.000927495,0.004507949,0.017803285,-0.011213782,0.00073379313,0.0007039198,0.0006649533,-0.008514008,-0.00013458732,-0.037635636,-0.00029728722,-0.0025598602,-0.0060063824,-0.02039845,0.0014504065,-0.0031409361
1379,-0.29143393,0.011752676,-0.100127496,-0.21305415,-0.0011438819,-0.00070116814,0.003996437,-0.00533636,-0.012631082,0.00073379313,0.0007039198,0.0006649533,-0.002215263,-0.00013458732,0.012471249,-0.00029728722,-0.0025598602,-0.0058349003,-0.011597953,0.0028434813,-0.008523677
1385,-0.1074811,-0.011843705,0.069430634,0.14208153,-0.0009833868,0.000335673,-0.0043829638,-0.008510036,-0.0040792283,-0.0003218928,-0.0003355292,0.0002641813,-0.0011702966,0.00010971639,0.006121806,-0.00041855083,0.00024171798,-0.0037752974,-0.007929207,0.0005789252,-0.008226283
1391,-0.22392415,-0.055281468,-0.1162411,-0.21437022,-0.0011438819,-0.00070116814,-0.005695385,-0.008671286,-0.008558916,0.00073379313,-0.00033552924,0.0006649533,-0.0009681056,-0.00013458732,0.003982611,-0.00029728722,0.00061116624,-0.007498777,-0.009826529,0.00018107111,-0.022803858
1393,-0.31343913,0.015321676,-0.10763477,-0.21236056,-0.002288011,0.000927495,0.00274943,-0.0050104912,-0.013018829,0.00073379313,0.0007039198,0.0006649533,0.0015654087,-0.00013458732,-0.037690468,-0.00029728722,-0.0025598602,-0.0060063824,-0.02039845,0.0014504065,-0.00010589833
1417,0.15550478,-0.025936391,-0.22184788,-0.17348935,-0.0008889758,-0.00018522781,-0.0077467295,-0.0070904307,-0.029016118,-0.00023439626,-0.00033552924,0.0002641813,-0.0005879477,-1.3836743e-05,-0.010192872,-0.00041855083,0.00074461475,-0.0052482723,-0.0077737905,0.00021506162,-0.011298841
1421,-0.118878104,-0.045346275,-0.13002682,-0.5032102,-0.005598232,-0.00043301843,-0.0004072596,-0.04756201,-0.015445364,0.0015818467,-0.00033552924,0.0006649533,-0.0009681056,-0.00013458732,0.01356643,-0.00037507687,-0.0025598602,-0.007641885,-0.028284475,0.00021506162,-0.030537158
1424,-0.21244454,-0.0059057414,-0.11093444,-0.5139046,-0.0029160893,-0.00070116814,-0.0088830795,-0.03338111,-0.0086256405,-1.3785313e-05,-0.00033552924,0.0006649533,-0.0009681056,-0.00013458732,0.033194795,-0.00037507687,0.00074461475,-0.00755719,-0.031151082,0.00021506162,0.0038173627
1435,-0.3270937,-0.030004904,-0.106834784,-0.4089767,0.019097954,0.000927495,-0.009589257,-0.045905013,-0.013018829,0.00364104,0.0007039198,0.0006649533,0.009782158,-0.00013458732,-0.011835934,-0.00029728722,-0.0025598602,-0.0058775237,0.08211344,0.0014504065,-0.018685253
1436,-0.30342275,-0.02209594,-0.10200685,-0.30232367,-0.003253662,0.000927495,0.06190655,0.09938921,-0.0120242415,0.00364104,0.0007039198,0.0006649533,0.009782158,-0.00013458732,-0.0117811,-0.00029728722,-0.0025598602,-0.0058775237,0.08211344,0.0014504065,-0.007609912
1457,0.31203076,0.0014556764,0.076297775,-0.18623997,-0.00062596577,4.0671057e-05,-0.004822963,-0.054456536,-0.009338456,-0.00023439626,-0.0006365916,0.0002641813,-0.0036719164,0.0014590733,0.008121881,-0.00041855083,0.00024171798,-0.004639125,-0.0048668305,-0.0009606522,0.0060286466
1458,-0.1351079,-0.009290415,0.053156223,0.16394009,-0.0009833868,0.000308353,-0.0043829638,-0.008226171,0.0026108432,-0.00013965493,-0.0006365916,0.00033009902,-0.0027721147,-9.808016e-06,0.003858041,-0.00034076118,0.00024171798,-0.00023161301,-0.0076888986,0.0005789252,-0.00071783434
1460,0.18713503,-0.010575189,0.07298058,0.15849337,-0.00072848063,0.00032432307,-0.004061129,-0.006447474,0.0033772027,-5.215837e-05,-0.0006365916,0.0003713698,0.0025253484,2.5054062e-05,0.0014933128,0.00093957427,0.00024171798,-0.0016386366,-0.0063025774,0.0005789252,-0.002188425
1468,-0.23455344,-0.03811944,-0.110879116,-0.51443315,-0.005598232,-0.00069817033,-0.019792592,-0.050130542,0.0053187087,-0.00079251424,-0.0006365916,0.0002641813,-0.0009681056,-0.00013458732,0.008621098,-0.0004542618,-0.0025598602,0.001291178,-0.030115914,-0.0055345097,-0.034822542
1471,0.73683995,0.004137003,-0.16913405,0.17859945,-0.00062596577,0.0037298237,-0.0043966835,-0.006615774,-0.0003001982,-0.0048627593,-0.0006365916,-0.0032483004,-0.003291795,-0.003797363,0.01585396,-0.0040613967,0.0008891388,0.043278527,-0.0048287213,-0.008875018,0.008759382
1477,-0.12641743,-0.006983231,0.06422839,0.14851275,-0.0009833868,-0.0019662455,-0.0043829638,-0.008295373,-0.003930345,-0.00013965493,-0.0005431657,0.00033009902,-0.0017053271,-9.808016e-06,0.0059662266,-0.00034076118,0.00024171798,-0.0020343275,-0.0077581853,0.0005789252,-0.0006964009
1480,-0.3065129,0.01649134,-0.10092203,-0.21320412,-0.0011438819,0.00012144875,0.003996437,-0.0047058985,-0.014740552,0.00073379313,0.0007039198,0.0006649533,0.0027707757,-0.00013458732,0.010565314,-0.00029728722,-0.0025598602,-0.0058349003,-0.012878446,0.0028434813,0.001183814
1481,0.32741418,-0.0046777423,0.082410716,0.16653647,-0.00062596577,-0.0017594249,-0.004822963,-0.063767865,-0.009358262,-0.0069887256,-0.0006365916,0.00033009902,-0.0035934586,-0.000109164845,0.014465448,-0.00041855083,0.00024171798,-0.006261204,-0.005074408,-0.0009606522,0.0029728664
1487,-0.30473298,-0.02209594,-0.10200685,-0.30232367,-0.003253662,0.000927495,0.06190655,0.09938921,-0.013018829,0.00364104,0.0007039198,0.0006649533,0.0015654087,-0.00013458732,-0.014121078,-0.00029728722,-0.0025598602,-0.0060662515,0.08211344,0.0014504065,-0.0069918544
1489,-0.35685304,0.013128186,-0.11101873,-0.4668453,-0.004060218,0.000927495,-0.010130085,-0.033048168,-0.013018829,-1.3785313e-05,0.0007039198,0.0006649533,0.0015654087,-0.00013458732,-0.037690468,-0.00029728722,-0.0025598602,-0.0060063824,-0.042523988,0.0014504065,-0.00010589833
1491,-0.22644193,0.017172713,-0.100904964,-0.20607781,-0.0011438819,0.00012144875,0.0057549565,-0.0055014356,-0.010067834,0.00073379313,0.0002213504,0.0006649533,-0.0009681056,-0.00013458732,0.01145554,-0.00029728722,-0.0025598602,-0.0058349003,-0.0098193465,0.0028434813,0.0006114503
1497,0.2546014,0.002273446,-0.21822363,-0.18014747,-0.00078646094,-0.00032855087,0.017761609,-0.003330523,-0.054815374,0.0024169218,-0.00033552924,0.00054365076,0.002545803,-0.0004371136,0.03198849,0.00050356414,0.00074461475,-0.013303933,-0.0043929694,0.00091165776,-0.013115047
1501,-0.11002816,-0.011843705,0.062412214,0.13951473,-0.0009833868,0.00036073133,-0.0043829638,-0.0076872306,0.0025947413,-0.0003218928,-0.0006365916,0.0002641813,-0.0017053271,0.00027066018,0.003858041,-0.00034076118,0.0001082694,-0.0001735771,-0.0069674384,0.0005789252,-0.007520716
1505,-0.42914942,-0.052139267,-0.11369487,0.07025586,-0.002288011,-0.0022641812,0.00274943,-0.0050104912,0.005168483,0.00073379313,-0.0024026232,0.0006649533,-0.0034206295,-0.00013458732,-0.04863035,-0.00029728722,-0.0025598602,-0.0032817617,-0.023583299,0.0005308125,-0.012888203
1519,-0.23098923,0.010580767,-0.09646286,-0.2063865,-0.0011438819,-0.00070116814,0.003996437,-0.005488655,0.0047451034,0.00073379313,-0.00033552924,0.0006649533,-0.0009681056,-0.00013458732,0.019761175,-0.00037507687,-0.0025598602,-0.00011203365,-0.009499327,0.00018107111,-0.0025359378
1527,0.18476391,-0.007979429,-0.24838081,-0.32440627,-0.00072848063,0.0032121816,-0.004061129,-0.006535004,0.00848634,-0.00023439626,-0.0006365916,0.0002641813,-0.0035934586,0.00010971639,0.00901764,-0.00041855083,0.00024171798,-0.0015958541,-0.0060667237,-0.010036605,-0.008563533
1530,0.19290228,-0.01833855,-0.19248685,0.1310986,-0.0020331047,-0.00037265295,0.015663547,-0.0017582396,0.013256379,-0.00023439626,-0.0006365916,0.0002641813,0.0017968356,-1.3836743e-05,-0.04441704,-0.00034076118,-0.0025598602,-0.0005937405,-0.012690916,0.000564803,-0.010588073
1531,0.5866797,-0.003279541,-0.26375374,0.15415724,-0.00078646094,-0.0015894733,-0.0020434365,-0.0028401285,0.017506102,0.0026063481,-0.0006365916,0.0018235422,-0.0033844754,0.0007910901,0.040316638,-0.0026235245,0.006755036,0.03707045,-0.006718774,0.00038484612,0.008211755
1539,0.1719374,0.0038062702,-0.18286176,-0.17723049,-0.0008889758,-0.00018522781,-0.006141203,-0.006919604,0.013203275,-0.00023439626,-0.0006365916,0.0002641813,-0.0035730035,-1.3836743e-05,0.01784616,-0.00041855083,-0.0025598602,-0.0024343024,-0.0072692316,9.073141e-05,-0.0070582815
1540,-0.28436333,0.011624422,-0.115460195,-0.19853401,-0.002288011,-0.0022892393,-0.004176581,-0.01266365,-0.010612841,-4.4935812e-05,-0.00033552924,0.0002641813,-0.0021734724,-0.00013458732,-0.04025989,-0.00034076118,-0.0025598602,-0.006120929,-0.017319579,0.0005308125,-0.003582092
1543,-0.12956682,-0.0028045396,-0.2815223,-0.3128609,-0.0009833868,-0.0010055054,0.0011165293,-0.003055243,0.007509552,0.0023294252,-0.0003355292,0.00054365076,-0.0009885605,-0.00010839781,0.010687327,0.00074268517,-0.0008620957,-0.0022664305,-0.008279336,0.0005789252,-0.008844674
1544,-0.3833437,-0.033322107,-0.10737299,-0.46942452,-0.006742361,-0.0023047624,-0.011347775,-0.046535477,0.0043426948,-1.3785313e-05,-0.0024026232,0.0006649533,-0.0034206295,0.00036522123,-0.029915549,-0.00029728722,-0.0025598602,-0.0060662515,-0.044455294,0.0005308125,-0.024220176
1552,0.7360858,0.0027779224,0.088836156,0.16998382,-0.00062596577,0.00034471625,-0.0047662226,-0.028960768,-0.003607275,-0.0048627593,-0.0006365916,-0.0074880826,-0.0042593554,0.000493959,0.014342637,0.013536615,0.0008891388,-0.011705153,-0.0048287213,-0.010004652,0.008226418
1555,0.2951304,-0.008636064,-0.18891548,0.11609503,-0.00078646094,-0.0014399525,-0.0059909434,-0.004794787,0.017883498,-0.00023439626,-0.0006365916,0.0002641813,-0.0035730035,0.0022757691,0.029499572,-0.00041855083,0.00074461475,-0.0020303824,-0.008150335,-0.0026524786,-0.015000304
1556,0.16190007,-0.02028677,-0.22487918,-0.44461504,-0.0021875922,3.9658127e-05,-0.018609285,-0.029051889,-0.032017183,-0.00040222608,-0.0006365916,0.0002641813,0.0007870398,0.00036522123,-0.01035785,-0.00041855083,0.00074461475,-0.011850814,-0.019829093,0.00021506162,-0.013366857
1561,-0.29157463,0.012047762,-0.09834528,-0.27182254,0.004696236,0.000927495,0.016868928,0.02153714,-0.013018829,0.0014707489,0.0007039198,0.0006649533,0.0015654087,-0.00013458732,-0.02340167,-0.00029728722,-0.0025598602,-0.0055593182,0.050638583,0.0014504065,-0.004266807
1565,-0.33263037,-0.03400348,-0.10758267,-0.41721082,-0.003253662,0.000927495,-0.011347775,-0.045905013,-0.013018829,-1.3785313e-05,0.0007039198,0.0006649533,0.0015654087,-0.00013458732,-0.01540982,-0.00029728722,-0.0025598602,-0.0060662515,0.08211344,0.0014504065,-0.022670269
1573,0.34907272,-0.007807885,0.050376385,0.12014685,-0.00062596577,-0.0008150776,-0.0037276237,-0.0047704754,0.0023501704,-0.00023439626,-0.0006365916,0.00022056003,-0.0034468763,-0.0012538094,0.008037964,-0.00044253678,0.00024171798,0.012842319,-0.004797545,-0.004155163,-0.0038857262
1587,-0.2845358,-0.026943542,-0.1287062,-0.19800384,-0.002288011,-0.0022641812,-0.004176581,-0.011828064,-0.009697522,0.00073379313,-0.00033552924,0.0006649533,-0.0021734724,-0.00013458732,-0.048590295,-0.00029728722,-0.0025598602,-0.007670259,-0.017319579,0.0005308125,-0.011487685
1588,0.007500336,-0.018696394,-0.1399906,0.13409993,-0.0011438819,-4.1358337e-05,0.01569791,-0.0028456822,0.008900451,-0.00023439626,-0.00033552924,0.0002641813,-0.0016848722,0.00036522123,-0.00351624,-0.00034076118,-0.0025598602,-0.0018711889,-0.008608977,0.00021506162,-0.008766233
1593,-0.07595903,-0.02279822,-0.14230749,-0.26232877,-0.0011438819,-0.0004580767,-0.007675785,-0.0089202365,-0.018157141,0.0023294252,-0.00033552924,0.0006649533,-0.0009681056,0.00036522123,-0.0006421852,-0.00037507687,0.00074461475,-0.009186573,-0.009187062,0.00021506162,-0.02014495
1600,0.194678,-0.0057856813,0.06939494,0.15849337,-0.00072848063,0.00035164307,-0.004061129,-0.006535004,0.0034176516,-5.215837e-05,-0.0006365916,0.00033009902,-0.0035934586,2.5054062e-05,0.009182617,-0.00041855083,0.00024171798,-0.0011236005,-0.0063025774,0.0005789252,-0.0014550799
1610,-0.096327804,0.012842869,-0.12715329,-0.25294307,-0.002288011,-0.0008493192,-0.0068111583,-0.009308302,0.011414527,-0.0003218928,-0.0006365916,0.0002641813,-0.002890239,-0.00013458732,-0.032279164,-0.0004004581,-0.0028128251,0.0017263218,-0.014189932,-0.0059271073,-0.0029954985
1611,-0.2904484,-0.017683633,-0.099112645,-0.28738725,0.019097954,0.000927495,0.06190655,0.09938921,-0.013018829,0.00364104,0.0007039198,0.0006649533,0.009782158,-0.00013458732,-0.010547193,-0.00029728722,-0.0025598602,-0.0054304595,0.11090046,0.0014504065,-0.0030068378
1618,0.54648715,-0.011724853,-0.26595932,-0.2895836,-0.00078646094,0.0052715736,-0.020688478,-0.031751912,0.04881971,-0.0028400254,-0.0011900627,-0.0028869142,0.0103834625,0.0004964737,-0.029839486,-0.0075554717,0.007313377,0.057264976,-0.0054963897,-0.006374589,0.0040088585
1619,-0.3081491,0.015586367,-0.100516036,-0.2129389,-0.0011438819,-0.00070116814,0.0057549565,-0.0047058985,-0.010067834,0.00073379313,0.0007039198,0.0006649533,0.0027707757,-0.00013458732,0.012471249,-0.00029728722,-0.0025598602,-0.0058349003,-0.012878446,0.0028434813,0.0006114503
1627,0.61984545,-0.009628253,-0.17113484,0.06650774,-0.00062596577,-0.0009005291,-0.0043966835,-0.0025937378,-0.0003310229,0.0011059206,-0.0006365916,0.0020509218,-0.0021625252,-2.5605721e-05,0.014557982,0.007331066,0.0008891388,-0.00871317,-0.0048287213,-5.3867814e-05,-0.012694706
1641,-0.18110594,0.0073724953,-0.109886415,-0.3676912,0.01131438,0.000927495,-0.019265056,0.08015108,-0.013018829,0.00364104,0.0002213504,0.0006649533,0.0075279362,-0.00013458732,-0.018159812,-0.00029728722,-0.0025598602,-0.0053705904,0.09748042,0.001484397,-0.005205243
1642,-0.30404294,-0.032030985,-0.12181736,-0.1973035,-0.002288011,-0.0022641812,0.00274943,-0.010736236,-0.009697522,0.00073379313,-0.00033552924,0.0006649533,-0.0021734724,-0.00013458732,-0.050258268,-0.00029728722,-0.0025598602,-0.0033757992,-0.017319579,0.0005308125,-0.0024465332
1644,0.22343983,-0.01521712,-0.23924096,-0.17585838,-0.00078646094,-0.0020562185,-0.013756619,-0.06334213,-0.053116065,-0.0077060843,-0.0006365916,-0.0003487625,-0.0035886683,0.0022757691,0.039652735,-0.00041855083,0.00074461475,-0.018912569,-0.008023363,-0.0013245159,-0.017575333
1657,-0.35575914,-0.023000913,-0.10264756,-0.35089836,-0.006742361,0.000927495,0.067638054,0.102761105,0.0043426948,-1.3785313e-05,0.0007039198,0.0006649533,0.0015654087,-0.00013458732,-0.02835504,-0.00029728722,-0.0025598602,-0.0060662515,-0.042523988,0.0014504065,-0.008541762
1662,-0.3093422,-0.026553646,-0.27295962,-0.2685415,-0.0009833868,-0.0012736551,-0.0020141355,-0.0071820384,-0.0014979023,0.00073379313,-0.0003355292,0.0006649533,-0.0009885605,0.00010971639,0.008000944,-0.00029728722,0.0001082694,-0.003462323,-0.008918801,0.0005449347,-0.009259846
1667,0.6214663,0.0025454224,0.08475856,0.04765925,-0.00062596577,0.001098378,-0.0047662226,-0.044799328,-0.0011109887,-0.004019103,-0.0011900627,-0.0072850008,-0.0041947537,-2.5605721e-05,0.0114972275,-0.005717154,0.0008891388,-0.009549001,-0.0046211444,-0.010775631,0.008226418
1676,-0.37783736,-0.046896752,-0.19078118,-0.21290313,0.0032569799,0.0008711969,-0.004308264,0.021074472,-0.0065685418,0.0014707489,0.00022135042,0.0006649533,0.0075074816,0.00010971639,-0.015126554,-0.00029728722,-0.0008620957,-0.003256371,0.026964769,0.0010974443,-0.013409557
1682,-0.21189502,0.011752676,-0.10482352,-0.21085936,-0.0011438819,-0.00070116814,0.003996437,-0.0077246847,-0.010217776,0.00073379313,-0.00033552924,0.0006649533,-0.0009681056,0.00036522123,0.015170265,-0.00029728722,-0.0025598602,-0.0058349003,-0.009826529,0.00018107111,-0.007813572
1691,-0.1462602,-0.027704954,-0.13106173,0.1463763,-0.0011438819,-0.00046934758,-0.0061519514,-0.009361645,-0.012601974,0.00013730205,-0.0006365916,0.00033009902,-0.0009681056,-0.00025411174,0.0048678285,-0.00041855083,0.00074461475,-0.0075504235,-0.008998591,0.00021506162,-0.0016839881
1701,-0.2235635,-0.056991305,-0.11564182,-0.2155154,-0.0011438819,-0.00070116814,-0.005695385,-0.008684066,-0.017449291,0.00073379313,-0.00033552924,0.0006649533,-0.0009681056,-0.00013458732,0.0016048577,-0.00029728722,-0.0025598602,-0.007498777,-0.009826529,0.0028434813,-0.02383434
1709,-0.31646436,0.014416703,-0.106970385,-0.21209535,-0.002288011,0.000927495,0.004507949,-0.0050104912,-0.010470241,0.00073379313,0.0007039198,0.0006649533,0.0015654087,0.00036522123,-0.038924377,-0.00029728722,-0.0025598602,-0.0060063824,-0.02039845,0.0014504065,-0.0006782621
1712,-0.30244276,-0.032062978,-0.12109414,0.072870776,-0.0011438819,-0.0006856454,-0.005695385,-0.009506872,-0.013355081,-4.4935812e-05,-0.00033552924,0.0002641813,-0.0009681056,-0.00013458732,0.004712249,-0.00034076118,0.00074461475,-0.007577699,-0.009799578,0.00018107111,-0.010372454
1715,-0.31269437,-0.051387955,-0.12741883,0.07586441,-0.002288011,-0.0022641812,0.00274943,-0.007062178,-0.013055873,0.00073379313,-0.00033552924,0.0006649533,-0.0021734724,-0.00013458732,-0.04863035,-0.00029728722,-0.0025598602,-0.0076346346,-0.017319579,0.0005308125,-0.01265936
1719,0.7900792,0.0045805415,0.085084654,0.1751207,-0.00062596577,-0.0017531774,-0.0047662226,-0.016846547,0.036218327,-0.0048627593,-0.0011900627,-0.0035887237,0.011774173,-0.00076223724,0.016143715,-0.004770233,0.0014474804,0.04559585,-0.0048287213,-0.006010725,0.009141867
1720,0.2917831,-0.00784969,-0.2056936,0.12444718,-0.00078646094,-0.0014399525,-0.0059909434,-0.0046495604,0.019085797,-0.00017596647,-0.0006365916,0.0002641813,-0.0035730035,0.0011757446,0.012427406,-0.00041855083,0.00074461475,-0.00086766144,-0.00672058,-0.0013245159,0.005594319
1723,0.22685711,-0.035507876,-0.16910842,-0.44093072,-0.0027956362,0.0001835276,0.0067624142,-0.030212011,0.025272833,-0.00040222608,-0.0006365916,0.0002641813,-0.0035730035,-1.3836743e-05,0.02124386,-0.0004542618,-0.0028128251,-0.001039453,-0.018370513,0.00012694478,-0.02063994
1733,-0.06799416,-0.014935999,-0.11598216,0.120377064,-0.0011438819,-0.00020119791,-0.007675785,-0.0089202365,0.0070483265,-0.0003218928,-0.0006365916,0.0002641813,-0.0009681056,0.00036522123,0.025214741,-0.00041855083,0.00074461475,0.0007236376,-0.00883291,0.00021506162,0.025555663
1736,-0.13610335,-0.0069926037,0.063365385,0.11798928,0.0032569799,6.9570444e-05,-0.0045265825,0.020468801,-0.0065263,0.003248619,0.00022135042,0.00073087105,0.009899298,-9.808016e-06,-0.014414554,-0.00029728722,-0.0008620957,-0.0038439897,0.022847861,0.0011314349,0.0010610102
1738,0.5073612,0.0014763052,0.075547256,0.1681218,-0.00062596577,-0.0011406065,-0.004783324,-0.0023677908,0.00126233,0.00090199214,-0.0006365916,0.0011545665,-0.005178774,-2.5605721e-05,0.011538115,0.0021671278,0.0006163417,-0.0066165626,-0.004797545,-0.0009606522,0.0073310733
1743,-0.3451689,0.016258406,-0.10351146,-0.46841243,-0.0029160893,0.00012144875,-0.0088830795,-0.039842993,-0.015749801,-1.3785313e-05,0.0007039198,0.0006649533,-0.002215263,-0.00013458732,0.010565314,-0.00029728722,-0.0025598602,-0.0058349003,-0.03500399,0.0028434813,-0.008523677
1747,0.16870962,-0.0140053425,-0.1845684,0.1263735,-0.0008889758,-0.00018522781,-0.0077467295,-0.0069452035,0.013238739,-0.00023439626,-0.0006365916,0.0002641813,-0.0035730035,0.00036522123,0.02798587,-0.00041855083,0.00074461475,-0.0012168825,-0.0072233463,0.00021506162,-0.00076428894
1757,0.71562976,0.0025454224,0.08700292,0.16395037,-0.00062596577,0.004430399,-0.0043966835,-0.0075208354,-0.0003660266,-0.005343984,-0.0006365916,-0.0026857702,-0.0032902348,-2.5605721e-05,0.011583182,-0.0029319152,0.0008891388,-0.007091705,-0.0046211444,-0.0016050345,0.0077701695
1758,-0.29961538,-0.018097365,-0.10174845,-0.2961267,0.019097954,0.000927495,0.06190655,0.09938921,-0.013018829,0.00364104,0.0007039198,0.0006649533,0.0015654087,0.00036522123,-0.014121078,-0.00029728722,-0.0025598602,-0.0060662515,0.08211344,0.0014504065,-0.00238878
1759,0.7766012,0.0047710864,0.087189846,0.17207955,-0.00062596577,0.0034856647,-0.0043966835,0.0009508229,0.033375517,-0.0048627593,-0.0011900627,-0.004676505,-0.0037928473,-0.00076223724,0.016143715,-0.004770233,-0.0062774583,0.04559585,-0.0048287213,-0.006010725,0.009313295
1777,0.18230963,-0.004209271,0.08174777,0.1557755,-0.00072848063,0.00032432307,-0.004061129,-0.006396365,-0.0059163654,-5.215837e-05,-0.0006365916,0.00033009902,-0.0041399845,-9.808016e-06,-0.0006148728,-0.00034076118,0.0001082694,-0.0035362847,-0.006371864,0.0005789252,0.0015321178
1780,-0.108837485,-0.009361381,0.046040546,0.14099784,-0.0009833868,0.00036073133,0.0011165293,-0.00474635,0.0025286842,-0.0003218928,-0.0005431657,0.0002641813,-0.0009885605,0.00027066018,0.013673405,-0.00041855083,-0.0008620957,5.781081e-06,-0.00785992,0.0005789252,-0.007101071
