loc,v(g),ev(g),iv(g),n,v,l,d,i,e,b,t,lOCode,lOComment,lOBlank,locCodeAndComment,uniq_Op,uniq_Opnd,total_Op,total_Opnd,branchCount,total_rows,unique_labels,defective_count,non_defective_count
4.0,1.0,1.0,1.0,4.0,8.0,0.67,1.5,5.33,12.0,0.0,0.67,2,0,0,0,3.0,1.0,3.0,1.0,1.0,185,2,1,184
4.0,1.0,1.0,1.0,5.0,11.61,0.67,1.5,7.74,17.41,0.0,0.97,2,0,0,0,3.0,2.0,3.0,2.0,1.0,198,2,3,195
4.0,1.0,1.0,1.0,6.0,15.51,0.5,2.0,7.75,31.02,0.01,1.72,2,0,0,0,4.0,2.0,4.0,2.0,1.0,43,2,1,42
4.0,1.0,1.0,1.0,7.0,19.65,0.33,3.0,6.55,58.95,0.01,3.28,2,0,0,0,6.0,1.0,6.0,1.0,1.0,5,2,1,4
4.0,1.0,1.0,1.0,7.0,19.65,0.4,2.5,7.86,49.13,0.01,2.73,2,0,0,0,5.0,2.0,5.0,2.0,1.0,24,2,6,18
4.0,1.0,1.0,1.0,7.0,19.65,0.5,2.0,9.83,39.3,0.01,2.18,2,0,0,0,4.0,3.0,4.0,3.0,1.0,134,2,11,123
4.0,1.0,1.0,1.0,8.0,24.0,0.4,2.5,9.6,60.0,0.01,3.33,2,0,0,0,5.0,3.0,5.0,3.0,1.0,25,2,1,24
4.0,1.0,1.0,1.0,9.0,27.0,0.4,2.5,10.8,67.5,0.01,3.75,2,0,0,0,5.0,3.0,6.0,3.0,1.0,35,2,1,34
4.0,1.0,1.0,1.0,10.0,30.0,0.5,2.0,15.0,60.0,0.01,3.33,2,0,0,0,4.0,4.0,6.0,4.0,1.0,11,2,5,6
4.0,1.0,1.0,1.0,11.0,36.54,0.29,3.5,10.44,127.89,0.01,7.11,2,0,0,0,7.0,3.0,8.0,3.0,1.0,4,2,1,3
5.0,1.0,1.0,1.0,4.0,8.0,0.67,1.5,5.33,12.0,0.0,0.67,2,0,1,0,3.0,1.0,3.0,1.0,1.0,17,2,2,15
5.0,1.0,1.0,1.0,5.0,11.61,0.67,1.5,7.74,17.41,0.0,0.97,2,0,1,0,3.0,2.0,3.0,2.0,1.0,7,2,1,6
5.0,1.0,1.0,1.0,7.0,16.25,0.67,1.5,10.84,24.38,0.01,1.35,3,0,0,0,3.0,2.0,5.0,2.0,1.0,11,2,1,10
5.0,1.0,1.0,1.0,7.0,19.65,0.4,2.5,7.86,49.13,0.01,2.73,2,0,1,0,5.0,2.0,5.0,2.0,1.0,6,2,2,4
5.0,1.0,1.0,1.0,7.0,19.65,0.5,2.0,9.83,39.3,0.01,2.18,2,0,0,0,4.0,3.0,4.0,3.0,1.0,4,2,1,3
5.0,1.0,1.0,1.0,9.0,25.27,0.67,1.5,16.84,37.9,0.01,2.11,3,0,0,0,3.0,4.0,5.0,4.0,1.0,16,2,1,15
5.0,1.0,1.0,1.0,10.0,30.0,0.5,2.0,15.0,60.0,0.01,3.33,3,0,0,0,4.0,4.0,6.0,4.0,1.0,2,2,1,1
5.0,1.0,1.0,1.0,11.0,34.87,0.4,2.5,13.95,87.17,0.01,4.84,3,0,0,0,5.0,4.0,7.0,4.0,1.0,3,2,1,2
5.0,1.0,1.0,1.0,13.0,44.97,0.33,3.0,14.99,134.92,0.01,7.5,3,0,0,0,6.0,5.0,8.0,5.0,1.0,11,2,1,10
5.0,1.0,1.0,1.0,15.0,51.89,0.34,2.92,17.79,151.35,0.02,8.41,3,0,0,0,5.0,6.0,8.0,7.0,1.0,61,2,1,60
6.0,1.0,1.0,1.0,9.0,23.26,0.5,2.0,11.63,46.53,0.01,2.58,3,0,1,0,3.0,3.0,5.0,4.0,1.0,2,2,1,1
6.0,1.0,1.0,1.0,10.0,31.7,0.4,2.5,12.68,79.25,0.01,4.4,3,0,1,0,5.0,4.0,6.0,4.0,1.0,3,2,1,2
6.0,1.0,1.0,1.0,13.0,36.5,0.44,2.25,16.21,82.12,0.01,4.56,4,0,0,0,3.0,4.0,7.0,6.0,1.0,4,2,2,2
6.0,1.0,1.0,1.0,14.0,46.51,0.33,3.0,15.5,139.52,0.02,7.75,3,0,1,0,5.0,5.0,8.0,6.0,1.0,3,2,1,2
6.0,1.0,1.0,1.0,14.0,46.51,0.5,2.0,23.25,93.01,0.02,5.17,4,0,0,0,4.0,6.0,8.0,6.0,1.0,3,2,1,2
7.0,1.0,1.0,1.0,0.0,0.0,0.0,0.0,0.0,0.0,0.0,0.0,0,0,0,0,0.0,0.0,0.0,0.0,1.0,22,2,4,18
7.0,1.0,1.0,1.0,6.0,15.51,0.5,2.0,7.75,31.02,0.01,1.72,2,1,0,0,4.0,2.0,4.0,2.0,1.0,3,2,1,2
7.0,1.0,1.0,1.0,16.0,55.35,0.34,2.92,18.98,161.44,0.02,8.97,4,0,1,0,5.0,6.0,9.0,7.0,1.0,5,2,1,4
7.0,2.0,1.0,1.0,12.0,39.86,0.21,4.67,8.54,186.03,0.01,10.33,5,0,0,0,7.0,3.0,8.0,4.0,3.0,3,2,1,2
7.0,2.0,1.0,2.0,12.0,39.86,0.27,3.75,10.63,149.49,0.01,8.3,5,0,0,0,6.0,4.0,7.0,5.0,3.0,4,2,3,1
8.0,1.0,1.0,1.0,0.0,0.0,0.0,0.0,0.0,0.0,0.0,0.0,0,0,0,0,0.0,0.0,0.0,0.0,1.0,13,2,1,12
8.0,1.0,1.0,1.0,14.0,46.51,0.33,3.0,15.5,139.52,0.02,7.75,4,0,2,0,5.0,5.0,8.0,6.0,1.0,2,2,1,1
8.0,1.0,1.0,1.0,15.0,53.77,0.24,4.2,12.8,225.85,0.02,12.55,4,0,2,0,7.0,5.0,9.0,6.0,1.0,9,2,1,8
8.0,1.0,1.0,1.0,19.0,65.73,0.3,3.33,19.72,219.1,0.02,12.17,5,0,1,0,5.0,6.0,11.0,8.0,1.0,5,2,1,4
8.0,1.0,1.0,1.0,31.0,118.03,0.17,6.0,19.67,708.17,0.04,39.34,5,0,0,1,7.0,7.0,19.0,12.0,1.0,3,2,1,2
8.0,2.0,1.0,1.0,26.0,104.0,0.12,8.33,12.48,866.67,0.03,48.15,4,0,1,0,10.0,6.0,16.0,10.0,3.0,3,2,1,2
8.0,2.0,1.0,2.0,0.0,0.0,0.0,0.0,0.0,0.0,0.0,0.0,0,0,0,0,0.0,0.0,0.0,0.0,3.0,4,2,1,3
10.0,1.0,1.0,1.0,18.0,66.61,0.29,3.43,19.43,228.37,0.02,12.69,5,0,3,0,6.0,7.0,10.0,8.0,1.0,2,2,1,1
11.0,1.0,1.0,1.0,0.0,0.0,0.0,0.0,0.0,0.0,0.0,0.0,0,0,0,0,0.0,0.0,0.0,0.0,1.0,6,2,3,3
12.0,1.0,1.0,1.0,0.0,0.0,0.0,0.0,0.0,0.0,0.0,0.0,0,0,0,0,0.0,0.0,0.0,0.0,1.0,9,2,1,8
12.0,2.0,1.0,2.0,0.0,0.0,0.0,0.0,0.0,0.0,0.0,0.0,0,0,0,0,0.0,0.0,0.0,0.0,3.0,11,2,1,10
12.0,2.0,1.0,2.0,18.0,64.53,0.25,4.0,16.12,258.12,0.02,14.34,9,0,1,0,6.0,6.0,10.0,8.0,3.0,4,2,1,3
12.0,3.0,1.0,2.0,22.0,88.0,0.12,8.33,10.56,733.33,0.03,40.74,9,0,1,0,10.0,6.0,12.0,10.0,5.0,3,2,1,2
13.0,1.0,1.0,1.0,0.0,0.0,0.0,0.0,0.0,0.0,0.0,0.0,0,0,0,0,0.0,0.0,0.0,0.0,1.0,15,2,3,12
14.0,1.0,1.0,1.0,0.0,0.0,0.0,0.0,0.0,0.0,0.0,0.0,0,0,0,0,0.0,0.0,0.0,0.0,1.0,9,2,1,8
14.0,2.0,1.0,2.0,0.0,0.0,0.0,0.0,0.0,0.0,0.0,0.0,0,0,0,0,0.0,0.0,0.0,0.0,3.0,13,2,1,12
14.0,3.0,1.0,3.0,33.0,125.64,0.12,8.67,14.5,1088.9,0.04,60.49,12,0,0,0,8.0,6.0,20.0,13.0,5.0,3,2,1,2
14.0,4.0,1.0,4.0,0.0,0.0,0.0,0.0,0.0,0.0,0.0,0.0,0,0,0,0,0.0,0.0,0.0,0.0,7.0,2,2,1,1
15.0,2.0,1.0,2.0,35.0,151.27,0.19,5.33,28.36,806.76,0.05,44.82,13,0,2,0,8.0,12.0,19.0,16.0,3.0,4,2,2,2
15.0,3.0,1.0,1.0,0.0,0.0,0.0,0.0,0.0,0.0,0.0,0.0,0,0,0,0,0.0,0.0,0.0,0.0,5.0,3,2,1,2
16.0,2.0,1.0,2.0,0.0,0.0,0.0,0.0,0.0,0.0,0.0,0.0,0,0,0,0,0.0,0.0,0.0,0.0,3.0,12,2,1,11
16.0,2.0,1.0,2.0,34.0,144.43,0.13,7.56,19.1,1092.25,0.05,60.68,10,0,4,0,11.0,8.0,23.0,11.0,3.0,4,2,3,1
18.0,1.0,1.0,1.0,0.0,0.0,0.0,0.0,0.0,0.0,0.0,0.0,0,0,0,0,0.0,0.0,0.0,0.0,1.0,3,2,1,2
18.0,1.0,1.0,1.0,18.0,72.0,0.3,3.3,21.82,237.6,0.02,13.2,14,0,2,0,6.0,10.0,7.0,11.0,1.0,4,2,2,2
18.0,2.0,1.0,1.0,0.0,0.0,0.0,0.0,0.0,0.0,0.0,0.0,0,0,0,0,0.0,0.0,0.0,0.0,3.0,5,2,1,4
18.0,2.0,1.0,2.0,0.0,0.0,0.0,0.0,0.0,0.0,0.0,0.0,0,0,0,0,0.0,0.0,0.0,0.0,3.0,12,2,3,9
18.0,3.0,1.0,3.0,0.0,0.0,0.0,0.0,0.0,0.0,0.0,0.0,0,0,0,0,0.0,0.0,0.0,0.0,5.0,3,2,1,2
18.0,4.0,1.0,1.0,47.0,212.61,0.12,8.25,25.77,1754.01,0.07,97.45,12,1,3,0,11.0,12.0,29.0,18.0,7.0,2,2,1,1
19.0,1.0,1.0,1.0,0.0,0.0,0.0,0.0,0.0,0.0,0.0,0.0,0,0,0,0,0.0,0.0,0.0,0.0,1.0,3,2,1,2
19.0,2.0,1.0,2.0,0.0,0.0,0.0,0.0,0.0,0.0,0.0,0.0,0,0,0,0,0.0,0.0,0.0,0.0,3.0,9,2,1,8
19.0,3.0,3.0,2.0,0.0,0.0,0.0,0.0,0.0,0.0,0.0,0.0,0,0,0,0,0.0,0.0,0.0,0.0,5.0,3,2,1,2
20.0,1.0,1.0,1.0,0.0,0.0,0.0,0.0,0.0,0.0,0.0,0.0,0,0,0,0,0.0,0.0,0.0,0.0,1.0,6,2,4,2
20.0,2.0,1.0,2.0,0.0,0.0,0.0,0.0,0.0,0.0,0.0,0.0,0,0,0,0,0.0,0.0,0.0,0.0,3.0,2,2,1,1
20.0,2.0,1.0,2.0,59.0,292.3,0.14,7.26,40.24,2123.0,0.1,117.94,15,0,1,0,12.0,19.0,36.0,23.0,3.0,3,2,1,2
20.0,3.0,1.0,1.0,0.0,0.0,0.0,0.0,0.0,0.0,0.0,0.0,0,0,0,0,0.0,0.0,0.0,0.0,5.0,2,2,1,1
20.0,3.0,1.0,3.0,41.0,182.84,0.13,7.8,23.44,1426.13,0.06,79.23,14,0,4,0,12.0,10.0,28.0,13.0,5.0,3,2,1,2
22.0,1.0,1.0,1.0,0.0,0.0,0.0,0.0,0.0,0.0,0.0,0.0,0,0,0,0,0.0,0.0,0.0,0.0,1.0,4,2,1,3
22.0,2.0,1.0,2.0,0.0,0.0,0.0,0.0,0.0,0.0,0.0,0.0,0,0,0,0,0.0,0.0,0.0,0.0,3.0,3,2,1,2
23.0,1.0,1.0,1.0,0.0,0.0,0.0,0.0,0.0,0.0,0.0,0.0,0,0,0,0,0.0,0.0,0.0,0.0,1.0,2,2,1,1
23.0,3.0,1.0,3.0,0.0,0.0,0.0,0.0,0.0,0.0,0.0,0.0,0,0,0,0,0.0,0.0,0.0,0.0,5.0,4,2,1,3
24.0,2.0,1.0,2.0,0.0,0.0,0.0,0.0,0.0,0.0,0.0,0.0,0,0,0,0,0.0,0.0,0.0,0.0,3.0,3,2,1,2
24.0,4.0,1.0,2.0,0.0,0.0,0.0,0.0,0.0,0.0,0.0,0.0,0,0,0,0,0.0,0.0,0.0,0.0,7.0,4,2,2,2
24.0,15.0,13.0,2.0,0.0,0.0,0.0,0.0,0.0,0.0,0.0,0.0,0,0,0,0,0.0,0.0,0.0,0.0,29.0,2,2,1,1
25.0,2.0,1.0,2.0,0.0,0.0,0.0,0.0,0.0,0.0,0.0,0.0,0,0,0,0,0.0,0.0,0.0,0.0,3.0,3,2,1,2
26.0,3.0,1.0,2.0,73.0,350.94,0.06,16.67,21.06,5848.95,0.12,324.94,17,4,3,0,16.0,12.0,48.0,25.0,5.0,2,2,1,1
26.0,4.0,3.0,2.0,50.0,235.02,0.1,10.0,23.5,2350.22,0.08,130.57,16,0,5,3,13.0,13.0,30.0,20.0,7.0,3,2,1,2
26.0,6.0,5.0,2.0,0.0,0.0,0.0,0.0,0.0,0.0,0.0,0.0,0,0,0,0,0.0,0.0,0.0,0.0,11.0,2,2,1,1
28.0,3.0,1.0,3.0,0.0,0.0,0.0,0.0,0.0,0.0,0.0,0.0,0,0,0,0,0.0,0.0,0.0,0.0,5.0,4,2,1,3
28.0,4.0,1.0,1.0,0.0,0.0,0.0,0.0,0.0,0.0,0.0,0.0,0,0,0,0,0.0,0.0,0.0,0.0,7.0,3,2,2,1
33.0,3.0,1.0,2.0,0.0,0.0,0.0,0.0,0.0,0.0,0.0,0.0,0,0,0,0,0.0,0.0,0.0,0.0,5.0,2,2,1,1
34.0,7.0,5.0,4.0,119.0,641.69,0.06,17.68,36.29,11345.0,0.21,630.28,26,1,5,0,17.0,25.0,67.0,52.0,13.0,3,2,1,2
35.0,4.0,1.0,4.0,0.0,0.0,0.0,0.0,0.0,0.0,0.0,0.0,0,0,0,0,0.0,0.0,0.0,0.0,7.0,2,2,1,1
39.0,5.0,1.0,5.0,83.0,425.73,0.12,8.48,50.21,3609.84,0.14,200.55,28,2,5,2,11.0,24.0,46.0,37.0,9.0,2,2,1,1
40.0,6.0,1.0,5.0,0.0,0.0,0.0,0.0,0.0,0.0,0.0,0.0,0,0,0,0,0.0,0.0,0.0,0.0,11.0,2,2,1,1
42.0,5.0,1.0,4.0,0.0,0.0,0.0,0.0,0.0,0.0,0.0,0.0,0,0,0,0,0.0,0.0,0.0,0.0,9.0,7,2,1,6
42.0,15.0,10.0,7.0,194.0,995.08,0.02,50.25,19.8,50002.82,0.33,2777.93,29,6,2,3,21.0,14.0,127.0,67.0,29.0,2,2,1,1
78.0,15.0,12.0,8.0,0.0,0.0,0.0,0.0,0.0,0.0,0.0,0.0,0,0,0,0,0.0,0.0,0.0,0.0,29.0,2,2,1,1
80.0,12.0,8.0,2.0,0.0,0.0,0.0,0.0,0.0,0.0,0.0,0.0,0,0,0,0,0.0,0.0,0.0,0.0,23.0,2,2,1,1
