Model_A,Model_B,SHAP_Observation,Original_Test_Index,Local_Spearman,Local_Cosine
RF,XGB,0,23,0.735064935064935,0.8180451850673998
RF,XGB,1,29,0.8103896103896104,0.7951466488156019
RF,XGB,2,30,0.3090909090909091,0.20396561318522327
RF,XGB,3,32,0.6324675324675325,0.9230819806615927
RF,XGB,4,44,0.7116883116883117,0.6757981541956521
RF,XGB,5,49,0.8636363636363636,0.7489147326510395
RF,XGB,6,51,0.461038961038961,0.6889802462197956
RF,XGB,7,59,0.39090909090909093,0.6738339681404819
RF,XGB,8,65,0.7493506493506493,0.8732867643798542
RF,XGB,9,67,0.8363636363636363,0.8424116820575682
RF,XGB,10,69,0.3064935064935065,0.36228058612498265
RF,XGB,11,70,0.7545454545454545,0.7027621128563677
RF,XGB,12,71,0.7844155844155845,0.8556418917330797
RF,XGB,13,73,0.3064935064935065,0.4942645619580974
RF,XGB,14,76,0.464935064935065,0.26946023049861334
RF,XGB,15,78,0.6792207792207793,0.8377580890496445
RF,XGB,16,99,0.39350649350649347,0.27954521786949105
RF,XGB,17,109,0.32987012987012987,0.7690645010263605
RF,XGB,18,111,0.509090909090909,0.5402274662499854
RF,XGB,19,115,0.8181818181818182,0.8523954951569617
RF,XGB,20,123,0.7805194805194805,0.9132593747083411
RF,XGB,21,124,0.7675324675324675,0.8563530285894143
RF,XGB,22,135,0.6701298701298701,0.7654567611078807
RF,XGB,23,162,0.751948051948052,0.561768301152881
RF,XGB,24,168,0.5311688311688313,0.5574206732620326
RF,XGB,25,173,0.4090909090909091,0.5914505296874781
RF,XGB,26,185,0.5103896103896104,0.8989475551084058
RF,XGB,27,188,0.5454545454545454,0.8417239932752177
RF,XGB,28,196,0.6909090909090909,0.8691157594071797
RF,XGB,29,203,0.16883116883116883,-0.029647259147572685
RF,XGB,30,210,0.838961038961039,0.7818304981146614
RF,XGB,31,212,0.5324675324675324,0.8524959795906174
RF,XGB,32,220,0.49350649350649345,0.8438118061636016
RF,XGB,33,233,0.43506493506493504,0.506177383496725
RF,XGB,34,237,0.8545454545454545,0.7994699652969263
RF,XGB,35,239,0.6012987012987013,0.8760859226081013
RF,XGB,36,240,0.5805194805194805,0.8340351034589211
RF,XGB,37,247,0.33766233766233766,0.6686061927983306
RF,XGB,38,251,0.6454545454545455,0.8975595964102545
RF,XGB,39,254,0.2675324675324675,0.03464185231080266
RF,XGB,40,259,0.7545454545454545,0.6302742303573399
RF,XGB,41,261,0.6792207792207793,0.5713451867406937
RF,XGB,42,270,0.8233766233766234,0.8643609796161006
RF,XGB,43,275,0.2584415584415584,0.6019966367004204
RF,XGB,44,289,0.8129870129870129,0.8232081594815469
RF,XGB,45,297,0.8727272727272727,0.7769279326437796
RF,XGB,46,298,0.5051948051948052,0.8675047883733187
RF,XGB,47,303,0.5974025974025974,0.809700161034152
RF,XGB,48,305,0.5948051948051949,0.9358111617701598
RF,XGB,49,316,0.28831168831168835,0.7188445022445582
RF,XGB,50,322,0.8896103896103895,0.9077187926368261
RF,XGB,51,324,0.7194805194805195,0.8665631383665144
RF,XGB,52,331,0.9103896103896105,0.8206125968225494
RF,XGB,53,332,0.4896103896103896,0.6741138589733128
RF,XGB,54,339,0.7779220779220779,0.902356871198398
RF,XGB,55,342,0.5974025974025974,0.866170716092913
RF,XGB,56,344,0.5181818181818182,0.8173044211948949
RF,XGB,57,350,0.5272727272727272,0.8600623979371675
RF,XGB,58,351,0.20649350649350648,0.8361808015794108
RF,XGB,59,352,0.8246753246753247,0.45447489331357055
RF,XGB,60,354,0.40389610389610386,0.5321830312545658
RF,XGB,61,365,0.448051948051948,0.8404883294619964
RF,XGB,62,366,0.5272727272727272,0.7283375083600759
RF,XGB,63,371,0.6974025974025975,0.8378928695452326
RF,XGB,64,374,0.39610389610389607,0.7010948420170897
RF,XGB,65,382,0.751948051948052,0.8451878383502088
RF,XGB,66,383,0.6662337662337662,0.8976013695949816
RF,XGB,67,394,0.7779220779220779,0.762352208555772
RF,XGB,68,398,0.6051948051948052,0.5967531552963075
RF,XGB,69,411,0.41558441558441556,0.7341403076716102
RF,XGB,70,413,0.24415584415584415,0.21079328516357004
RF,XGB,71,415,0.6545454545454545,0.47780838491893896
RF,XGB,72,416,0.48181818181818176,0.7158236508638232
RF,XGB,73,422,0.2506493506493506,0.7756137661470512
RF,XGB,74,426,0.46753246753246747,0.3717969786060929
RF,XGB,75,429,0.7402597402597402,0.5935023363419296
RF,XGB,76,432,0.6896103896103896,0.7102959573454588
RF,XGB,77,439,0.8012987012987013,0.8284891981901488
RF,XGB,78,450,0.5558441558441559,0.8556450098937493
RF,XGB,79,453,0.45454545454545453,0.6932678856608896
RF,XGB,80,462,0.8116883116883117,0.7608901686977981
RF,XGB,81,464,0.8818181818181818,0.7573341311585029
RF,XGB,82,471,0.7896103896103897,0.9035324931482392
RF,XGB,83,479,0.5311688311688313,0.7245944310216594
RF,XGB,84,481,0.7883116883116883,0.6726239655936341
RF,XGB,85,482,0.6168831168831169,0.7417431720097108
RF,XGB,86,483,0.7961038961038961,0.9693512652340085
RF,XGB,87,485,0.5441558441558442,0.8674728880481666
RF,XGB,88,495,0.5714285714285714,0.856172081995861
RF,XGB,89,506,0.2792207792207792,0.6934279841473666
RF,XGB,90,514,0.3194805194805195,0.2539931781346595
RF,XGB,91,518,0.3246753246753247,0.2248864175132481
RF,XGB,92,526,0.4402597402597402,0.7805820736051974
RF,XGB,93,527,0.2662337662337662,0.797851026627518
RF,XGB,94,530,0.8064935064935065,0.9054160252437697
RF,XGB,95,534,0.6948051948051948,0.8509754086422503
RF,XGB,96,535,0.5272727272727272,0.20528969487760454
RF,XGB,97,544,0.5,0.2550927593460159
RF,XGB,98,548,0.7662337662337663,0.5022756871421546
RF,XGB,99,561,0.6103896103896104,0.9230284188774533
RF,XGB,100,567,0.7168831168831169,0.5767734935281564
RF,XGB,101,576,0.7428571428571429,0.9365498335928114
RF,XGB,102,582,0.4168831168831169,0.6379153994981666
RF,XGB,103,583,0.7896103896103897,0.7990545940409332
RF,XGB,104,584,0.5792207792207792,0.8285938357277596
RF,XGB,105,585,0.7051948051948052,0.8593403521015702
RF,XGB,106,588,0.6181818181818182,0.6059420990854547
RF,XGB,107,590,0.43506493506493504,0.7831171922622812
RF,XGB,108,593,0.5441558441558442,0.8955243632787853
RF,XGB,109,596,0.7714285714285715,0.7514864763007651
RF,XGB,110,602,0.36363636363636365,0.2618515104660549
RF,XGB,111,609,0.3701298701298701,0.2987256241345071
RF,XGB,112,610,0.8935064935064935,0.7890475629120421
RF,XGB,113,613,0.3025974025974026,0.03169668148084153
RF,XGB,114,617,0.38831168831168833,0.9182566135802314
RF,XGB,115,628,0.6701298701298701,0.7974245675582327
RF,XGB,116,631,0.735064935064935,0.8335134412938807
RF,XGB,117,637,0.6831168831168831,0.9040426958136897
RF,XGB,118,650,0.6805194805194805,0.1889951999944152
RF,XGB,119,651,0.5272727272727272,0.7117156364683763
RF,XGB,120,654,0.5168831168831168,0.7265584251723964
RF,XGB,121,660,0.48571428571428565,0.48537437770554837
RF,XGB,122,680,0.4506493506493507,0.38535967548313
RF,XGB,123,693,0.8610389610389609,0.778529547842279
RF,XGB,124,705,0.36883116883116884,-0.05234610577321883
RF,XGB,125,710,0.625974025974026,0.7807305907511636
RF,XGB,126,720,0.35454545454545455,0.8530663271036365
RF,XGB,127,721,0.5558441558441559,0.8077387146937902
RF,XGB,128,733,0.6792207792207793,0.8414990171879317
RF,XGB,129,736,0.6779220779220779,0.8719015783857009
RF,XGB,130,741,0.03766233766233767,0.2514319417030961
RF,XGB,131,756,0.21818181818181817,0.02823702541887891
RF,XGB,132,757,0.4974025974025974,0.6869700423200652
RF,XGB,133,764,0.7688311688311688,0.8753292034671188
RF,XGB,134,771,0.8103896103896104,0.7803687017390621
RF,XGB,135,777,0.6441558441558441,0.8756408683299537
RF,XGB,136,778,0.6454545454545455,0.1892527364190643
RF,XGB,137,780,0.32857142857142857,0.6329592985114444
RF,XGB,138,781,0.3064935064935065,0.5887984334713378
RF,XGB,139,782,0.4922077922077922,0.34079024521126494
RF,XGB,140,798,0.7233766233766233,0.723468248124203
RF,XGB,141,799,0.7584415584415585,0.773665050697185
RF,XGB,142,816,0.5948051948051949,0.6294452119814709
RF,XGB,143,817,0.42987012987012985,0.40822525819002753
RF,XGB,144,824,0.06363636363636363,0.18887802547350954
RF,XGB,145,838,0.7896103896103897,0.8422618110826177
RF,XGB,146,842,0.7922077922077921,0.9097745394746135
RF,XGB,147,846,0.8155844155844156,0.8530763232431504
RF,XGB,148,857,0.4701298701298702,0.7880149119542574
RF,XGB,149,867,0.7623376623376623,0.47292716719943745
RF,XGB,150,869,0.5337662337662338,0.7992851003372269
RF,XGB,151,886,0.5454545454545454,0.497381069802165
RF,XGB,152,889,0.4753246753246753,0.8518647122369704
RF,XGB,153,893,0.6896103896103896,0.8516897292918665
RF,XGB,154,904,0.40129870129870127,0.27154802482345824
RF,XGB,155,914,0.49870129870129876,0.8062087768015888
RF,XGB,156,926,0.6974025974025975,0.8916200085599918
RF,XGB,157,936,0.5545454545454546,0.5846336581297185
RF,XGB,158,939,0.7129870129870131,0.8272761133798067
RF,XGB,159,941,0.38311688311688313,0.05993858200785607
RF,XGB,160,943,0.22987012987012984,0.16650473214579464
RF,XGB,161,946,0.9246753246753248,0.7888146384691725
RF,XGB,162,952,0.4636363636363636,0.8134878801381151
RF,XGB,163,965,0.4766233766233766,0.8428577896898617
RF,XGB,164,988,0.6285714285714287,0.8738351639121205
RF,XGB,165,994,0.6779220779220779,0.6684306016947252
RF,XGB,166,1004,0.735064935064935,0.4942743291656229
RF,XGB,167,1009,0.751948051948052,0.8744219721599382
RF,XGB,168,1018,0.8636363636363636,0.8620655774037697
RF,XGB,169,1033,0.7038961038961039,0.6417554003676333
RF,XGB,170,1034,0.6987012987012987,0.8209491218773012
RF,XGB,171,1043,0.7220779220779221,0.6373149091658034
RF,XGB,172,1061,0.08831168831168833,-0.07021277670571685
RF,XGB,173,1073,0.8441558441558441,0.6203645447187953
RF,XGB,174,1074,0.3675324675324675,0.2670679427061659
RF,XGB,175,1079,0.8948051948051948,0.8031873745124855
RF,XGB,176,1084,0.8207792207792207,0.670124346481244
RF,XGB,177,1106,0.7766233766233767,0.6193935634820762
RF,XGB,178,1108,0.5857142857142857,0.5264488142443449
RF,XGB,179,1110,0.31428571428571433,0.04805383157959426
RF,XGB,180,1111,0.7558441558441559,0.7603956549434987
RF,XGB,181,1113,0.4194805194805195,0.6425399066184179
RF,XGB,182,1114,0.4883116883116883,0.8723002582217286
RF,XGB,183,1117,0.49610389610389616,0.8159828986733891
RF,XGB,184,1132,0.5,0.39447649797637924
RF,XGB,185,1137,0.9376623376623376,0.8632644821523824
RF,XGB,186,1138,0.5662337662337662,0.897169121576633
RF,XGB,187,1140,0.4324675324675325,0.696690898191397
RF,XGB,188,1142,0.7883116883116883,0.7736340414790911
RF,XGB,189,1145,0.5727272727272726,0.9073347532426738
RF,XGB,190,1146,0.5857142857142857,0.8944148253375472
RF,XGB,191,1151,0.9142857142857143,0.8248484151592421
RF,XGB,192,1168,0.01818181818181818,0.11036688885502832
RF,XGB,193,1169,0.07922077922077922,0.4912018813365027
RF,XGB,194,1177,0.8610389610389609,0.8199825505330318
RF,XGB,195,1178,0.5064935064935064,0.8590003802568127
RF,XGB,196,1182,0.7506493506493507,0.7313061950051758
RF,XGB,197,1190,0.3207792207792208,0.8839986651347674
RF,XGB,198,1197,0.5311688311688313,0.6672398674717084
RF,XGB,199,1204,0.8883116883116883,0.9012529221632639
RF,XGB,200,1208,0.5389610389610389,0.848732440788384
RF,XGB,201,1211,0.5311688311688313,0.7520660842474538
RF,XGB,202,1220,0.46623376623376617,0.7667721221480592
RF,XGB,203,1226,0.5727272727272726,0.8732286243480152
RF,XGB,204,1235,0.7987012987012986,0.7436674127509478
RF,XGB,205,1240,0.5142857142857142,0.8201034058965965
RF,XGB,206,1249,0.32987012987012987,0.8256708638789193
RF,XGB,207,1253,0.2935064935064935,0.2948127991908447
RF,XGB,208,1255,0.7662337662337663,0.7977730925667472
RF,XGB,209,1258,0.5194805194805194,0.41078767300404045
RF,XGB,210,1262,0.5246753246753247,0.3284098193882011
RF,XGB,211,1268,0.8324675324675326,0.92714198816999
RF,XGB,212,1271,0.28051948051948056,0.6907308221335341
RF,XGB,213,1278,0.6506493506493506,0.7481353804367251
RF,XGB,214,1284,0.38831168831168833,0.7132419644678905
RF,XGB,215,1296,0.7584415584415585,0.9469713814671575
RF,XGB,216,1309,0.5012987012987012,0.8141729441904391
RF,XGB,217,1310,0.35974025974025975,0.019043022809753327
RF,XGB,218,1317,0.7142857142857142,0.5612845839429812
RF,XGB,219,1320,0.6350649350649351,0.8267537908580709
RF,XGB,220,1328,0.4896103896103896,0.788304340374908
RF,XGB,221,1334,0.8935064935064935,0.6914395774016804
RF,XGB,222,1339,0.2727272727272727,0.26398462695430047
RF,XGB,223,1345,0.648051948051948,0.8923464866179264
RF,XGB,224,1347,0.3922077922077922,0.8563868976363892
RF,XGB,225,1361,0.8818181818181818,0.8095660962041334
RF,XGB,226,1366,0.6012987012987013,0.4311160592286683
RF,XGB,227,1378,0.4,0.7828873446006487
RF,XGB,228,1379,0.4701298701298702,0.5211811089867848
RF,XGB,229,1385,0.7376623376623377,0.8223375666761027
RF,XGB,230,1391,0.4207792207792207,0.7281315901751354
RF,XGB,231,1393,0.4753246753246753,0.8375324880320747
RF,XGB,232,1417,0.4727272727272727,0.741352806090984
RF,XGB,233,1421,0.5337662337662338,0.9443712086421618
RF,XGB,234,1424,0.38051948051948054,0.6355676007297795
RF,XGB,235,1435,0.6571428571428571,0.7958601797223638
RF,XGB,236,1436,0.7428571428571429,0.8451242894958786
RF,XGB,237,1457,0.22727272727272727,0.7940873409633105
RF,XGB,238,1458,0.2350649350649351,0.4370270130024401
RF,XGB,239,1460,0.4051948051948052,0.862030636538478
RF,XGB,240,1468,0.8402597402597403,0.8502465571748389
RF,XGB,241,1471,0.6064935064935064,0.722550477359903
RF,XGB,242,1477,0.7428571428571429,0.6489031272603114
RF,XGB,243,1480,0.6116883116883116,0.9014678802476268
RF,XGB,244,1481,0.6623376623376622,0.766859092950896
RF,XGB,245,1487,0.5753246753246753,0.7982510860772002
RF,XGB,246,1489,0.7051948051948052,0.7593176552865823
RF,XGB,247,1491,0.3701298701298701,0.4544867094958837
RF,XGB,248,1497,0.43766233766233764,0.6804064420520499
RF,XGB,249,1501,0.5571428571428572,0.7036732428511966
RF,XGB,250,1505,0.8584415584415584,0.8410073597749629
RF,XGB,251,1519,0.5233766233766234,0.6310230572682666
RF,XGB,252,1527,0.26233766233766237,0.34405481329053994
RF,XGB,253,1530,0.8467532467532467,0.8331915840673707
RF,XGB,254,1531,0.8688311688311688,0.810971649744058
RF,XGB,255,1539,0.4324675324675325,0.7723797900577165
RF,XGB,256,1540,0.2558441558441559,0.6153339621939202
RF,XGB,257,1543,0.3896103896103896,0.2310879902454423
RF,XGB,258,1544,0.7038961038961039,0.826458375748561
RF,XGB,259,1552,0.8532467532467533,0.7856211040836578
RF,XGB,260,1555,0.6350649350649351,0.7802724486692426
RF,XGB,261,1556,0.6025974025974027,0.6947534880354524
RF,XGB,262,1561,0.5103896103896104,0.7486791287047866
RF,XGB,263,1565,0.5337662337662338,0.7572724173401676
RF,XGB,264,1573,0.6428571428571428,0.7037282464857665
RF,XGB,265,1587,0.512987012987013,0.6644577429798681
RF,XGB,266,1588,0.748051948051948,0.8590550154307922
RF,XGB,267,1593,0.44935064935064933,0.3104627670038751
RF,XGB,268,1600,0.3818181818181818,0.8381583645902098
RF,XGB,269,1610,0.44935064935064933,0.4053830029546799
RF,XGB,270,1611,0.7935064935064934,0.7332258843213525
RF,XGB,271,1618,0.7714285714285715,0.5884069197035529
RF,XGB,272,1619,0.648051948051948,0.8489135337855586
RF,XGB,273,1627,0.2961038961038961,0.8520254672533868
RF,XGB,274,1641,0.8766233766233766,0.8125133397702037
RF,XGB,275,1642,0.31428571428571433,0.7300852995268148
RF,XGB,276,1644,0.5311688311688313,0.6822757327073504
RF,XGB,277,1657,0.6766233766233766,0.860676076285331
RF,XGB,278,1662,0.3038961038961039,0.6755391908036084
RF,XGB,279,1667,0.8181818181818182,0.664217556257046
RF,XGB,280,1676,0.6844155844155844,0.6338904573962583
RF,XGB,281,1682,0.438961038961039,0.2000189810771627
RF,XGB,282,1691,0.5272727272727272,0.6430910704667481
RF,XGB,283,1701,0.638961038961039,0.5453891254475313
RF,XGB,284,1709,0.5272727272727272,0.875106735616916
RF,XGB,285,1712,0.6922077922077923,0.8011807818852458
RF,XGB,286,1715,0.8493506493506494,0.7071820890695311
RF,XGB,287,1719,0.8376623376623376,0.6982432541304261
RF,XGB,288,1720,0.6727272727272726,0.8000512699790432
RF,XGB,289,1723,0.5662337662337662,0.870531145979696
RF,XGB,290,1733,0.6909090909090909,0.8234891506496738
RF,XGB,291,1736,0.7142857142857142,0.3538077849531584
RF,XGB,292,1738,0.4636363636363636,0.8438989620677794
RF,XGB,293,1743,0.7181818181818181,0.8659014419539889
RF,XGB,294,1747,0.7272727272727273,0.7889832458434957
RF,XGB,295,1757,0.6779220779220779,0.904033494753029
RF,XGB,296,1758,0.6779220779220779,0.697852307785795
RF,XGB,297,1759,0.8116883116883117,0.7479932212460735
RF,XGB,298,1777,0.5506493506493506,0.8811999729536156
RF,XGB,299,1780,0.7311688311688312,0.7750378432891819
RF,LGBM,0,23,0.5623376623376624,0.5862044513395448
RF,LGBM,1,29,0.1974025974025974,0.5392305400801225
RF,LGBM,2,30,0.3337662337662338,0.3628898524157971
RF,LGBM,3,32,0.012987012987012986,0.27206384328579775
RF,LGBM,4,44,0.6311688311688312,0.7211382782041506
RF,LGBM,5,49,0.612987012987013,0.7964433574385135
RF,LGBM,6,51,0.41558441558441556,0.8128768304297836
RF,LGBM,7,59,0.39610389610389607,0.2480110031002571
RF,LGBM,8,65,0.5,0.5096531039801888
RF,LGBM,9,67,0.6935064935064935,0.8640584200888077
RF,LGBM,10,69,0.3155844155844156,0.3490297637179941
RF,LGBM,11,70,0.4714285714285714,0.6318413516553708
RF,LGBM,12,71,0.7389610389610389,0.9225754741502433
RF,LGBM,13,73,0.35194805194805195,0.420081270002603
RF,LGBM,14,76,0.05454545454545454,0.296382665360164
RF,LGBM,15,78,0.7168831168831169,0.5147269128851217
RF,LGBM,16,99,0.015584415584415586,-0.14096927413513174
RF,LGBM,17,109,0.49350649350649345,0.4810517982897578
RF,LGBM,18,111,0.35584415584415585,0.6243286275298049
RF,LGBM,19,115,0.7155844155844155,0.6522612676717084
RF,LGBM,20,123,0.6987012987012987,0.775448447121765
RF,LGBM,21,124,0.696103896103896,0.8707074011451916
RF,LGBM,22,135,0.5948051948051949,0.6104570123739134
RF,LGBM,23,162,0.7766233766233767,0.7192509098798817
RF,LGBM,24,168,0.5363636363636364,0.5722757549926509
RF,LGBM,25,173,0.15844155844155844,0.5694120139777862
RF,LGBM,26,185,0.6194805194805195,0.8367634445449048
RF,LGBM,27,188,0.5194805194805194,0.8085360460822923
RF,LGBM,28,196,0.5025974025974026,0.6350406107537399
RF,LGBM,29,203,0.44155844155844154,0.14365263053261718
RF,LGBM,30,210,0.8103896103896104,0.8044009821194427
RF,LGBM,31,212,0.5181818181818182,0.7652648951670717
RF,LGBM,32,220,0.37922077922077924,0.763354776680768
RF,LGBM,33,233,0.2961038961038961,0.41716510274223084
RF,LGBM,34,237,0.7116883116883117,0.8622068532868361
RF,LGBM,35,239,0.13506493506493505,0.6674600398508727
RF,LGBM,36,240,0.2753246753246753,0.2506696384277511
RF,LGBM,37,247,0.13766233766233765,0.7387015467685192
RF,LGBM,38,251,0.6103896103896104,0.8055307051068513
RF,LGBM,39,254,0.3220779220779221,0.4833860568521662
RF,LGBM,40,259,0.7974025974025974,0.8270583748648556
RF,LGBM,41,261,0.34415584415584416,0.3431678035732945
RF,LGBM,42,270,0.509090909090909,0.6121759039336948
RF,LGBM,43,275,0.4324675324675325,0.48011471799580496
RF,LGBM,44,289,0.8233766233766234,0.8310732796759335
RF,LGBM,45,297,0.6298701298701298,0.49657717756239395
RF,LGBM,46,298,0.6155844155844156,0.8890799934643446
RF,LGBM,47,303,0.1883116883116883,0.7799902999481628
RF,LGBM,48,305,0.4285714285714285,0.7256143629999913
RF,LGBM,49,316,0.3311688311688311,0.71758623085174
RF,LGBM,50,322,0.6987012987012987,0.6803481067366709
RF,LGBM,51,324,0.6441558441558441,0.802035379427228
RF,LGBM,52,331,0.6428571428571428,0.6827521126213874
RF,LGBM,53,332,0.464935064935065,0.6077827696378532
RF,LGBM,54,339,-0.12077922077922078,0.21034312436241678
RF,LGBM,55,342,0.45454545454545453,0.6846318258516576
RF,LGBM,56,344,0.7922077922077921,0.8584611595956099
RF,LGBM,57,350,0.28441558441558445,0.22169816440370133
RF,LGBM,58,351,0.37142857142857144,0.4375793562406408
RF,LGBM,59,352,0.3064935064935065,0.4085733071650051
RF,LGBM,60,354,0.4116883116883117,0.5044833761352587
RF,LGBM,61,365,0.6337662337662338,0.8927385890108019
RF,LGBM,62,366,0.2961038961038961,0.7590644187355369
RF,LGBM,63,371,0.8792207792207792,0.8033644251013158
RF,LGBM,64,374,0.3922077922077922,0.4233489711147295
RF,LGBM,65,382,0.7324675324675325,0.8568807350952224
RF,LGBM,66,383,0.6987012987012987,0.5490574147547013
RF,LGBM,67,394,0.7324675324675325,0.86428726032385
RF,LGBM,68,398,0.05064935064935065,-0.12655342460384048
RF,LGBM,69,411,0.6675324675324676,0.8274407563763159
RF,LGBM,70,413,0.08961038961038961,-0.15193930568656594
RF,LGBM,71,415,0.39090909090909093,0.4501683384421603
RF,LGBM,72,416,0.43376623376623374,0.5810113576967353
RF,LGBM,73,422,0.4,0.7044515700048476
RF,LGBM,74,426,0.4805194805194805,0.5649864720122836
RF,LGBM,75,429,0.6246753246753247,0.6028599821286391
RF,LGBM,76,432,0.46753246753246747,0.5350487541291428
RF,LGBM,77,439,0.7220779220779221,0.841450698831668
RF,LGBM,78,450,0.6194805194805195,0.8038233308025541
RF,LGBM,79,453,0.2532467532467532,0.512473643227724
RF,LGBM,80,462,0.6831168831168831,0.7982099624842337
RF,LGBM,81,464,0.5805194805194805,0.7901629685580313
RF,LGBM,82,471,0.34415584415584416,0.625392494953473
RF,LGBM,83,479,0.24415584415584415,0.768054993945105
RF,LGBM,84,481,0.7428571428571429,0.7669127765158983
RF,LGBM,85,482,0.41818181818181815,0.3753560051239196
RF,LGBM,86,483,0.5181818181818182,0.8287933027812356
RF,LGBM,87,485,0.1961038961038961,0.7636394675075191
RF,LGBM,88,495,0.6207792207792208,0.6283408399732954
RF,LGBM,89,506,0.1077922077922078,0.5220847564564215
RF,LGBM,90,514,0.5428571428571428,0.6686866636775288
RF,LGBM,91,518,0.6818181818181818,0.8774904264098368
RF,LGBM,92,526,0.6896103896103896,0.7314804500099107
RF,LGBM,93,527,0.487012987012987,0.841877486928036
RF,LGBM,94,530,0.4831168831168831,0.8106181543111125
RF,LGBM,95,534,0.6662337662337662,0.8453934750313067
RF,LGBM,96,535,0.14155844155844155,0.17032420427657535
RF,LGBM,97,544,0.46623376623376617,0.42444417210795243
RF,LGBM,98,548,0.2753246753246753,0.0625981131864537
RF,LGBM,99,561,0.7155844155844155,0.661894435868527
RF,LGBM,100,567,0.8805194805194804,0.8945288390383046
RF,LGBM,101,576,0.5974025974025974,0.7524203839466598
RF,LGBM,102,582,0.6922077922077923,0.8259473213089634
RF,LGBM,103,583,0.42207792207792205,0.4798940716155186
RF,LGBM,104,584,0.2545454545454545,0.688342774548074
RF,LGBM,105,585,0.44415584415584414,0.8856924414590585
RF,LGBM,106,588,0.5727272727272726,0.5996325775889866
RF,LGBM,107,590,0.6610389610389611,0.8544779691220509
RF,LGBM,108,593,0.625974025974026,0.7097138466376962
RF,LGBM,109,596,0.7935064935064934,0.7711061993520332
RF,LGBM,110,602,-0.015584415584415586,0.20623046592813074
RF,LGBM,111,609,0.13766233766233765,0.29279337143342044
RF,LGBM,112,610,0.6181818181818182,0.8475564749767399
RF,LGBM,113,613,0.3051948051948052,0.7246262555609619
RF,LGBM,114,617,-0.08961038961038961,0.7866579100473426
RF,LGBM,115,628,0.6,0.8282340481651204
RF,LGBM,116,631,0.4402597402597402,0.6410961764763398
RF,LGBM,117,637,-0.12467532467532469,0.0015413328745416087
RF,LGBM,118,650,0.512987012987013,0.6370940815727067
RF,LGBM,119,651,0.044155844155844164,0.4988459209644776
RF,LGBM,120,654,0.36233766233766235,0.6317560841761266
RF,LGBM,121,660,0.3064935064935065,0.35856343682181313
RF,LGBM,122,680,0.5181818181818182,0.36169082824425414
RF,LGBM,123,693,0.45584415584415583,0.4901293316201914
RF,LGBM,124,705,0.5987012987012986,0.6753642229977825
RF,LGBM,125,710,0.34675324675324676,0.39416996979636953
RF,LGBM,126,720,0.20779220779220778,-0.002886980699098451
RF,LGBM,127,721,0.6181818181818182,0.6096095895372786
RF,LGBM,128,733,0.41038961038961036,0.7444664534957932
RF,LGBM,129,736,0.4194805194805195,0.5149756957639288
RF,LGBM,130,741,0.2545454545454545,0.26451657553164815
RF,LGBM,131,756,0.044155844155844164,-0.05952645629901796
RF,LGBM,132,757,0.7610389610389611,0.7608469177550106
RF,LGBM,133,764,0.3233766233766234,0.5906095340464946
RF,LGBM,134,771,0.5,0.6803305325213056
RF,LGBM,135,777,0.2597402597402597,0.5329144219958145
RF,LGBM,136,778,0.512987012987013,0.41865223606100266
RF,LGBM,137,780,-0.17792207792207793,-0.5796627595642904
RF,LGBM,138,781,0.16493506493506493,0.6931602174061209
RF,LGBM,139,782,0.4285714285714285,0.4781582360525063
RF,LGBM,140,798,0.8545454545454545,0.8087654524867385
RF,LGBM,141,799,0.5064935064935064,0.516556646909061
RF,LGBM,142,816,0.4285714285714285,0.5810130506425
RF,LGBM,143,817,-0.24805194805194808,-0.12796111802792126
RF,LGBM,144,824,-0.05324675324675325,-0.01651909434908946
RF,LGBM,145,838,0.5844155844155844,0.8740992972774004
RF,LGBM,146,842,0.11038961038961038,0.8218642302812973
RF,LGBM,147,846,0.5649350649350648,0.7640803927086192
RF,LGBM,148,857,0.6168831168831169,0.8262728414221382
RF,LGBM,149,867,0.8883116883116883,0.8769864661838364
RF,LGBM,150,869,0.5324675324675324,0.49858079272432365
RF,LGBM,151,886,0.35974025974025975,0.3815133309674914
RF,LGBM,152,889,0.47922077922077916,0.7897148590712433
RF,LGBM,153,893,0.2597402597402597,-0.30386397355903466
RF,LGBM,154,904,0.187012987012987,0.3638818554838667
RF,LGBM,155,914,0.49870129870129876,0.8164794405280811
RF,LGBM,156,926,0.7623376623376623,0.7452242743005866
RF,LGBM,157,936,0.46753246753246747,0.4938802690210411
RF,LGBM,158,939,0.4324675324675325,0.5941582788243588
RF,LGBM,159,941,0.1948051948051948,0.27519692794524453
RF,LGBM,160,943,0.3844155844155844,0.30956002884878897
RF,LGBM,161,946,0.7285714285714285,0.7885510489740675
RF,LGBM,162,952,0.42337662337662335,0.8481860681494606
RF,LGBM,163,965,0.696103896103896,0.5876726902015315
RF,LGBM,164,988,0.6610389610389611,0.8130126597184681
RF,LGBM,165,994,0.6467532467532467,0.775044869154602
RF,LGBM,166,1004,0.7558441558441559,0.796962580858632
RF,LGBM,167,1009,0.7818181818181819,0.8145199830550655
RF,LGBM,168,1018,0.24675324675324672,0.7096151110881711
RF,LGBM,169,1033,0.3818181818181818,-0.04484225427230545
RF,LGBM,170,1034,0.12207792207792208,0.8121820115782532
RF,LGBM,171,1043,0.7857142857142857,0.7555650695877715
RF,LGBM,172,1061,0.17662337662337665,0.5702893612014435
RF,LGBM,173,1073,0.8701298701298701,0.8732135286391437
RF,LGBM,174,1074,0.503896103896104,0.46907726501867275
RF,LGBM,175,1079,0.6285714285714287,0.57552478287796
RF,LGBM,176,1084,0.748051948051948,0.6233022135859466
RF,LGBM,177,1106,0.6883116883116883,0.5760737944830906
RF,LGBM,178,1108,0.2727272727272727,0.5029148101002873
RF,LGBM,179,1110,0.3025974025974026,0.35444558550139127
RF,LGBM,180,1111,0.5883116883116883,0.4784750800242092
RF,LGBM,181,1113,0.6740259740259741,0.7709164810906404
RF,LGBM,182,1114,0.3064935064935065,0.849649900123645
RF,LGBM,183,1117,0.3766233766233766,0.7693922709112166
RF,LGBM,184,1132,0.287012987012987,0.546776027272092
RF,LGBM,185,1137,0.04285714285714286,0.6760835174186708
RF,LGBM,186,1138,0.6077922077922078,0.7309447686296896
RF,LGBM,187,1140,0.21688311688311687,0.6237556702569549
RF,LGBM,188,1142,0.8207792207792207,0.8455806701862595
RF,LGBM,189,1145,0.6467532467532467,0.6896791020358023
RF,LGBM,190,1146,0.5571428571428572,0.5785877485990643
RF,LGBM,191,1151,0.8129870129870129,0.8542800043011511
RF,LGBM,192,1168,0.07142857142857142,0.022137463648612334
RF,LGBM,193,1169,0.574025974025974,0.7887115951934239
RF,LGBM,194,1177,0.5935064935064935,0.823671867185331
RF,LGBM,195,1178,0.34545454545454546,0.7935578320443678
RF,LGBM,196,1182,0.08831168831168833,0.5704353122719263
RF,LGBM,197,1190,0.031168831168831172,0.5671557585958564
RF,LGBM,198,1197,0.47922077922077916,0.7218912688373209
RF,LGBM,199,1204,0.6753246753246753,0.8066066542512647
RF,LGBM,200,1208,0.7246753246753247,0.6132571941800278
RF,LGBM,201,1211,0.6519480519480519,0.8465879662730593
RF,LGBM,202,1220,0.6454545454545455,0.7363375010043013
RF,LGBM,203,1226,0.34155844155844156,0.7956697211884293
RF,LGBM,204,1235,0.6545454545454545,0.4072327788582291
RF,LGBM,205,1240,0.5077922077922078,0.5533285725518771
RF,LGBM,206,1249,0.187012987012987,0.6996387097597198
RF,LGBM,207,1253,0.6077922077922078,0.6630140239893507
RF,LGBM,208,1255,0.8675324675324675,0.8435541541738221
RF,LGBM,209,1258,0.5051948051948052,0.5404791767505682
RF,LGBM,210,1262,0.08571428571428572,0.17928509047856273
RF,LGBM,211,1268,0.5792207792207792,0.6556048907326146
RF,LGBM,212,1271,-0.00909090909090909,0.3327452606086734
RF,LGBM,213,1278,0.464935064935065,0.6036272171833467
RF,LGBM,214,1284,0.11168831168831168,0.430372043468129
RF,LGBM,215,1296,0.5649350649350648,0.8027810861742768
RF,LGBM,216,1309,0.10519480519480517,-0.23917976055131662
RF,LGBM,217,1310,0.6168831168831169,0.633028092414073
RF,LGBM,218,1317,0.5363636363636364,0.44195212442814996
RF,LGBM,219,1320,0.748051948051948,0.729192712504414
RF,LGBM,220,1328,0.6376623376623376,0.6611763093158923
RF,LGBM,221,1334,0.7857142857142857,0.7789267435025679
RF,LGBM,222,1339,0.6649350649350649,0.6360051398886223
RF,LGBM,223,1345,0.7220779220779221,0.8820569242121286
RF,LGBM,224,1347,0.12987012987012986,0.5260118789269301
RF,LGBM,225,1361,0.8207792207792207,0.8379694227386573
RF,LGBM,226,1366,0.535064935064935,0.5917611298721269
RF,LGBM,227,1378,0.461038961038961,0.7445603409702514
RF,LGBM,228,1379,0.5246753246753247,0.6688405389165931
RF,LGBM,229,1385,0.20909090909090908,0.2575102267918313
RF,LGBM,230,1391,0.40259740259740256,0.7505834943046885
RF,LGBM,231,1393,0.44155844155844154,0.8176556389890178
RF,LGBM,232,1417,0.03896103896103896,0.7200600766739851
RF,LGBM,233,1421,0.6519480519480519,0.8417761834813083
RF,LGBM,234,1424,0.5168831168831168,0.6066376481311054
RF,LGBM,235,1435,0.6779220779220779,0.5997057500104316
RF,LGBM,236,1436,0.4636363636363636,0.5150223901253769
RF,LGBM,237,1457,0.13636363636363635,0.6711907896736807
RF,LGBM,238,1458,0.4051948051948052,0.31219451975431506
RF,LGBM,239,1460,0.006493506493506493,0.1999487276553269
RF,LGBM,240,1468,0.5545454545454546,0.6702201911835421
RF,LGBM,241,1471,0.864935064935065,0.8208352906690998
RF,LGBM,242,1477,0.28181818181818186,0.6713038803507216
RF,LGBM,243,1480,0.4090909090909091,0.8969620599801008
RF,LGBM,244,1481,0.5532467532467533,0.8392974564963666
RF,LGBM,245,1487,0.2753246753246753,0.2940597672155686
RF,LGBM,246,1489,0.8636363636363636,0.8486457621794268
RF,LGBM,247,1491,0.6636363636363637,0.5152522522901491
RF,LGBM,248,1497,0.2324675324675325,0.6649708928893325
RF,LGBM,249,1501,0.6805194805194805,0.5781420731959238
RF,LGBM,250,1505,0.38311688311688313,0.6050291145506824
RF,LGBM,251,1519,0.13636363636363635,0.28396407512434796
RF,LGBM,252,1527,0.4948051948051948,0.5403847549279296
RF,LGBM,253,1530,0.14545454545454545,0.7271155479156642
RF,LGBM,254,1531,0.6324675324675325,0.8170138160738685
RF,LGBM,255,1539,0.5285714285714286,0.7350224678814239
RF,LGBM,256,1540,0.18181818181818182,0.6028763147882075
RF,LGBM,257,1543,0.33896103896103896,0.10960162859988547
RF,LGBM,258,1544,0.8220779220779221,0.6249180903749392
RF,LGBM,259,1552,0.7766233766233767,0.8318858624203698
RF,LGBM,260,1555,0.2987012987012987,0.49393448998813544
RF,LGBM,261,1556,0.7337662337662337,0.7510357892784557
RF,LGBM,262,1561,0.47922077922077916,0.7893984547732549
RF,LGBM,263,1565,0.6584415584415585,0.48148231282165
RF,LGBM,264,1573,0.6012987012987013,0.45058003261124646
RF,LGBM,265,1587,0.14805194805194805,0.7018395152801802
RF,LGBM,266,1588,0.2558441558441559,0.4566631342930604
RF,LGBM,267,1593,-0.08051948051948052,-0.01636362474022962
RF,LGBM,268,1600,0.14935064935064934,0.6384713955723401
RF,LGBM,269,1610,0.09090909090909091,0.013724585728303429
RF,LGBM,270,1611,0.5337662337662338,0.5749946212977392
RF,LGBM,271,1618,0.5155844155844156,0.6519595733068274
RF,LGBM,272,1619,0.2506493506493506,0.7273484957145939
RF,LGBM,273,1627,0.17012987012987013,0.7008077439727706
RF,LGBM,274,1641,0.8051948051948051,0.7622445186587099
RF,LGBM,275,1642,0.07142857142857142,0.690108074780269
RF,LGBM,276,1644,0.22207792207792207,0.4983797905992259
RF,LGBM,277,1657,0.6831168831168831,0.6970272880988702
RF,LGBM,278,1662,0.21688311688311687,0.8065814868196663
RF,LGBM,279,1667,0.6246753246753247,0.6580313520395419
RF,LGBM,280,1676,0.7038961038961039,0.7579355199869167
RF,LGBM,281,1682,0.34935064935064936,0.36224710904858376
RF,LGBM,282,1691,0.12337662337662336,0.055859768916811506
RF,LGBM,283,1701,0.5428571428571428,0.7025730851782881
RF,LGBM,284,1709,0.774025974025974,0.9127884145978012
RF,LGBM,285,1712,0.10389610389610389,0.4342347354269228
RF,LGBM,286,1715,0.42987012987012985,0.3644086039776514
RF,LGBM,287,1719,0.6506493506493506,0.677597561344199
RF,LGBM,288,1720,0.28181818181818186,0.5758616515386774
RF,LGBM,289,1723,0.5168831168831168,0.7955372167144308
RF,LGBM,290,1733,-0.04285714285714286,-0.13496711601737663
RF,LGBM,291,1736,0.6896103896103896,0.4786169210782752
RF,LGBM,292,1738,0.5987012987012986,0.8651231625618059
RF,LGBM,293,1743,0.6428571428571428,0.6713156211366662
RF,LGBM,294,1747,0.509090909090909,0.6695562945663665
RF,LGBM,295,1757,0.44155844155844154,0.8568533542996651
RF,LGBM,296,1758,0.4766233766233766,0.17705459828197817
RF,LGBM,297,1759,0.8064935064935065,0.7348778846259094
RF,LGBM,298,1777,0.20909090909090908,0.38538042764047925
RF,LGBM,299,1780,0.025974025974025972,-0.46929118807035597
RF,MLP,0,23,0.13896103896103898,0.31277025935070474
RF,MLP,1,29,0.44415584415584414,0.512826660266007
RF,MLP,2,30,-0.01818181818181818,0.22335137427789284
RF,MLP,3,32,0.26883116883116887,0.18674868819505394
RF,MLP,4,44,0.3064935064935065,0.11671672712340662
RF,MLP,5,49,0.20779220779220778,0.2911224875910698
RF,MLP,6,51,0.13636363636363635,0.2478262482760027
RF,MLP,7,59,0.06103896103896104,-0.016767238640197024
RF,MLP,8,65,0.1987012987012987,0.47375834074282935
RF,MLP,9,67,0.38571428571428573,0.5840161740694305
RF,MLP,10,69,0.20129870129870128,0.4470153886652433
RF,MLP,11,70,0.3103896103896104,0.45298053126014176
RF,MLP,12,71,0.2935064935064935,0.5294890883359067
RF,MLP,13,73,-0.14415584415584418,-0.09787414281862027
RF,MLP,14,76,0.41558441558441556,0.24575605808734372
RF,MLP,15,78,0.24545454545454545,0.2535059782936367
RF,MLP,16,99,-0.02077922077922078,0.10739252786281245
RF,MLP,17,109,-0.22337662337662337,0.03774913745722874
RF,MLP,18,111,0.36363636363636365,0.24437192204019115
RF,MLP,19,115,0.16103896103896104,0.17322655459246178
RF,MLP,20,123,-0.1012987012987013,0.3459178456199984
RF,MLP,21,124,0.2792207792207792,0.7108865182982451
RF,MLP,22,135,0.08961038961038961,0.33097687874381204
RF,MLP,23,162,0.011688311688311687,0.15254974428619753
RF,MLP,24,168,0.06623376623376624,0.2624767447919015
RF,MLP,25,173,0.06753246753246753,0.5305400590036765
RF,MLP,26,185,-0.1922077922077922,0.017869008529881762
RF,MLP,27,188,0.01818181818181818,0.5957623106621069
RF,MLP,28,196,0.08051948051948052,0.3857142619060552
RF,MLP,29,203,0.07792207792207792,0.07974947941342964
RF,MLP,30,210,0.29480519480519485,0.6469909489003618
RF,MLP,31,212,0.1935064935064935,0.6641502031548648
RF,MLP,32,220,0.21688311688311687,0.648822018454299
RF,MLP,33,233,0.3506493506493506,0.3566902434964871
RF,MLP,34,237,0.21818181818181817,0.40227395010412637
RF,MLP,35,239,0.28831168831168835,0.43600144957970244
RF,MLP,36,240,-0.12987012987012986,0.06726888538910474
RF,MLP,37,247,0.43766233766233764,0.28138616200160405
RF,MLP,38,251,0.42337662337662335,0.3550397824987547
RF,MLP,39,254,0.17142857142857143,0.11969272167989424
RF,MLP,40,259,0.3818181818181818,0.40045343948116807
RF,MLP,41,261,0.38051948051948054,0.5515624722335776
RF,MLP,42,270,0.3103896103896104,0.23028272460337165
RF,MLP,43,275,0.40389610389610386,0.2832248176725461
RF,MLP,44,289,0.08181818181818182,0.4762483788991007
RF,MLP,45,297,0.2311688311688312,0.28024935102417853
RF,MLP,46,298,0.35454545454545455,0.5961976395823809
RF,MLP,47,303,0.6207792207792208,0.7477210007124414
RF,MLP,48,305,0.38311688311688313,0.5487776172578467
RF,MLP,49,316,0.20519480519480518,0.03880621916429776
RF,MLP,50,322,0.3233766233766234,0.3029937064401446
RF,MLP,51,324,-0.00909090909090909,0.046717282446896935
RF,MLP,52,331,0.251948051948052,0.19134082265161817
RF,MLP,53,332,0.2532467532467532,0.39515185812833575
RF,MLP,54,339,-0.17662337662337665,0.06306400112007626
RF,MLP,55,342,0.21428571428571425,0.45057786422360296
RF,MLP,56,344,0.3181818181818181,0.7067915298421059
RF,MLP,57,350,0.04935064935064935,0.5045990644601867
RF,MLP,58,351,0.18961038961038962,0.389543904811195
RF,MLP,59,352,0.3649350649350649,0.2829123395052769
RF,MLP,60,354,0.09220779220779221,0.40565655036893467
RF,MLP,61,365,0.26103896103896107,0.6537719337975703
RF,MLP,62,366,0.2961038961038961,0.5609202595469307
RF,MLP,63,371,0.2558441558441559,0.31333743955918114
RF,MLP,64,374,0.3077922077922078,0.28499982968832543
RF,MLP,65,382,0.4,0.545638363717079
RF,MLP,66,383,-0.13246753246753248,0.06804745299860217
RF,MLP,67,394,0.47402597402597396,0.5023404452752603
RF,MLP,68,398,0.11948051948051949,-0.012165308108553728
RF,MLP,69,411,0.5844155844155844,0.6082215757816957
RF,MLP,70,413,0.10389610389610389,0.047790925556616584
RF,MLP,71,415,0.2,0.20010644918589066
RF,MLP,72,416,0.34285714285714286,0.1165925048728469
RF,MLP,73,422,0.3038961038961039,0.5983988975765926
RF,MLP,74,426,0.09090909090909091,0.3994707433833687
RF,MLP,75,429,0.32857142857142857,0.34200886775876715
RF,MLP,76,432,-0.012987012987012986,0.27853932026248884
RF,MLP,77,439,0.41298701298701296,0.5759621398972716
RF,MLP,78,450,-0.00909090909090909,0.4765712158475161
RF,MLP,79,453,0.32857142857142857,0.4433728391922885
RF,MLP,80,462,0.18571428571428572,0.2883093201369405
RF,MLP,81,464,0.07142857142857142,0.30539202605187526
RF,MLP,82,471,-0.07792207792207792,0.4607260459890048
RF,MLP,83,479,0.28181818181818186,0.501596940013175
RF,MLP,84,481,0.2532467532467532,0.38429994323822086
RF,MLP,85,482,0.07402597402597402,0.2720383608695764
RF,MLP,86,483,0.4142857142857143,0.5689855601496082
RF,MLP,87,485,-0.15324675324675324,0.5361379059021749
RF,MLP,88,495,0.06363636363636363,0.32976064336410593
RF,MLP,89,506,0.1935064935064935,-0.27845266966463056
RF,MLP,90,514,0.2831168831168831,0.24058718796474696
RF,MLP,91,518,-0.015584415584415586,0.1577617226465259
RF,MLP,92,526,0.22597402597402597,0.29154513500118695
RF,MLP,93,527,-0.0025974025974025974,0.39226752522315167
RF,MLP,94,530,-0.007792207792207793,0.5149367803233462
RF,MLP,95,534,0.15844155844155844,0.6076442257033206
RF,MLP,96,535,0.14025974025974028,-0.004362652745350318
RF,MLP,97,544,0.03636363636363636,-0.3220608131384538
RF,MLP,98,548,0.18311688311688312,0.0628477036383949
RF,MLP,99,561,0.02077922077922078,0.3041534932829775
RF,MLP,100,567,0.42727272727272725,0.5236290280449546
RF,MLP,101,576,0.22337662337662337,0.28919996271488624
RF,MLP,102,582,0.12857142857142856,0.495816605811606
RF,MLP,103,583,0.28051948051948056,0.32150907640390636
RF,MLP,104,584,-0.10389610389610389,-0.11611587579407502
RF,MLP,105,585,0.1909090909090909,0.423276697216577
RF,MLP,106,588,0.21818181818181817,0.3973377130205368
RF,MLP,107,590,-0.26103896103896107,0.27358387019287533
RF,MLP,108,593,0.04155844155844156,0.30058726247122797
RF,MLP,109,596,0.14545454545454545,0.1277583518445667
RF,MLP,110,602,-0.045454545454545456,0.11740764414985354
RF,MLP,111,609,-0.1064935064935065,-0.14720711775909387
RF,MLP,112,610,0.12467532467532469,0.07497585691942746
RF,MLP,113,613,0.24155844155844156,0.24321738411599056
RF,MLP,114,617,0.012987012987012986,0.5495286517417695
RF,MLP,115,628,0.1948051948051948,0.4774101365326026
RF,MLP,116,631,0.2545454545454545,0.53536868434655
RF,MLP,117,637,0.38571428571428573,0.15418911002722874
RF,MLP,118,650,0.32857142857142857,0.2445183494843612
RF,MLP,119,651,0.12987012987012986,0.19255519675652893
RF,MLP,120,654,0.41298701298701296,0.6569022910263463
RF,MLP,121,660,-0.2571428571428571,-0.2555258868067479
RF,MLP,122,680,0.45194805194805193,0.23211901168977314
RF,MLP,123,693,0.3311688311688311,0.3426704235262235
RF,MLP,124,705,-0.04675324675324675,0.06186404128238092
RF,MLP,125,710,0.022077922077922082,0.2183858765683821
RF,MLP,126,720,-0.24545454545454545,-0.0571174329867037
RF,MLP,127,721,-0.06103896103896104,0.5035799327747755
RF,MLP,128,733,0.15454545454545454,0.4308286030215474
RF,MLP,129,736,0.13506493506493505,0.42369436188405174
RF,MLP,130,741,0.22727272727272727,0.19898552329973843
RF,MLP,131,756,0.18571428571428572,0.18996369550121123
RF,MLP,132,757,0.374025974025974,0.45562158064976677
RF,MLP,133,764,0.20129870129870128,0.5305948706484491
RF,MLP,134,771,0.02857142857142857,0.41278440128786736
RF,MLP,135,777,0.2194805194805195,0.4693621026805076
RF,MLP,136,778,0.2350649350649351,0.3017652383845867
RF,MLP,137,780,0.07532467532467534,0.048321984426816206
RF,MLP,138,781,0.425974025974026,0.3512043409441292
RF,MLP,139,782,0.15844155844155844,0.45525326304558156
RF,MLP,140,798,0.07532467532467534,0.268606699156664
RF,MLP,141,799,-0.087012987012987,0.20186861940419307
RF,MLP,142,816,0.28831168831168835,0.39769106431044937
RF,MLP,143,817,-0.06883116883116883,-0.0928365997412328
RF,MLP,144,824,-0.029870129870129873,0.04239020144025013
RF,MLP,145,838,0.1753246753246753,0.7152950893799606
RF,MLP,146,842,0.34285714285714286,0.7103022069417843
RF,MLP,147,846,0.5155844155844156,0.5850190049825797
RF,MLP,148,857,0.23766233766233766,0.41846156211828944
RF,MLP,149,867,0.525974025974026,0.4468095932757873
RF,MLP,150,869,-0.09480519480519481,0.10364358434418852
RF,MLP,151,886,0.06883116883116883,0.1479125287272201
RF,MLP,152,889,0.12727272727272726,0.7036419809570832
RF,MLP,153,893,0.26233766233766237,0.1406255236081216
RF,MLP,154,904,-0.3233766233766234,-0.49972864404561684
RF,MLP,155,914,0.29480519480519485,0.5059335091571026
RF,MLP,156,926,-0.15064935064935067,0.23938895567887253
RF,MLP,157,936,0.2792207792207792,0.4274345014907162
RF,MLP,158,939,0.33246753246753247,0.5208783172924202
RF,MLP,159,941,0.1077922077922078,0.10108176419705198
RF,MLP,160,943,0.1077922077922078,0.2425339527261199
RF,MLP,161,946,0.32597402597402597,0.49801123710176304
RF,MLP,162,952,0.1753246753246753,0.5842633710388643
RF,MLP,163,965,-0.312987012987013,0.19633919726128335
RF,MLP,164,988,0.24285714285714283,0.1993234914247158
RF,MLP,165,994,0.28181818181818186,0.2256462193218306
RF,MLP,166,1004,0.12727272727272726,0.19995993870362677
RF,MLP,167,1009,0.34545454545454546,0.6379465045505855
RF,MLP,168,1018,0.2727272727272727,0.6516552241408714
RF,MLP,169,1033,0.09480519480519481,0.16261758232938578
RF,MLP,170,1034,0.14285714285714285,0.6178381171985119
RF,MLP,171,1043,0.24415584415584415,0.40688603456245737
RF,MLP,172,1061,-0.13506493506493505,-0.005638325066496015
RF,MLP,173,1073,0.212987012987013,0.26066596595955716
RF,MLP,174,1074,0.12467532467532469,0.11746330247890832
RF,MLP,175,1079,0.24545454545454545,0.300258305153696
RF,MLP,176,1084,0.2558441558441559,0.19791812788871518
RF,MLP,177,1106,0.3090909090909091,0.27851367459396786
RF,MLP,178,1108,0.24155844155844156,0.41958987092160627
RF,MLP,179,1110,0.1064935064935065,0.08302427799376694
RF,MLP,180,1111,-0.2987012987012987,-0.14225167144550455
RF,MLP,181,1113,0.49350649350649345,0.5945293687042988
RF,MLP,182,1114,0.16233766233766234,0.6035629416516217
RF,MLP,183,1117,0.2714285714285714,0.7354818473549903
RF,MLP,184,1132,0.187012987012987,0.17989133581254865
RF,MLP,185,1137,-0.014285714285714285,0.5848785032636257
RF,MLP,186,1138,-0.05324675324675325,0.2924782469946797
RF,MLP,187,1140,0.24415584415584415,0.5034697770041462
RF,MLP,188,1142,0.35454545454545455,0.4258382478119507
RF,MLP,189,1145,-0.29480519480519485,0.16996148044387038
RF,MLP,190,1146,0.2038961038961039,0.2925896467126403
RF,MLP,191,1151,0.21818181818181817,0.4438861268341642
RF,MLP,192,1168,0.05714285714285714,-0.11609905721604345
RF,MLP,193,1169,0.18181818181818182,0.608660905152205
RF,MLP,194,1177,0.5636363636363637,0.6523110309301855
RF,MLP,195,1178,0.34155844155844156,0.7479475852778072
RF,MLP,196,1182,0.09480519480519481,0.25661692826448096
RF,MLP,197,1190,-0.09090909090909091,0.39355816425223916
RF,MLP,198,1197,0.32987012987012987,0.09340142354570345
RF,MLP,199,1204,0.45714285714285713,0.45951038117039816
RF,MLP,200,1208,0.045454545454545456,0.1635550432873525
RF,MLP,201,1211,0.22987012987012984,0.6249427244164915
RF,MLP,202,1220,0.18181818181818182,0.24952403308894472
RF,MLP,203,1226,0.348051948051948,0.7678715041255069
RF,MLP,204,1235,0.16233766233766234,0.3684823496139563
RF,MLP,205,1240,0.39090909090909093,0.3703567064426021
RF,MLP,206,1249,0.032467532467532464,0.6249951809280943
RF,MLP,207,1253,0.503896103896104,0.45185385969611674
RF,MLP,208,1255,0.3090909090909091,0.48657733066669945
RF,MLP,209,1258,-0.02077922077922078,0.18624480305180374
RF,MLP,210,1262,0.05064935064935065,0.28747844351866136
RF,MLP,211,1268,0.274025974025974,0.5330480044833739
RF,MLP,212,1271,0.47402597402597396,0.36394140463447944
RF,MLP,213,1278,-0.022077922077922082,0.09660729081850639
RF,MLP,214,1284,0.2038961038961039,0.17115148802643293
RF,MLP,215,1296,0.07532467532467534,-0.06836336089651389
RF,MLP,216,1309,0.13246753246753248,-0.11201218135361399
RF,MLP,217,1310,-0.29480519480519485,-0.10018324290992942
RF,MLP,218,1317,0.1753246753246753,0.09321613622332382
RF,MLP,219,1320,0.6623376623376622,0.4369755949053281
RF,MLP,220,1328,0.15974025974025974,0.3344433346932045
RF,MLP,221,1334,0.3194805194805195,0.3577217471096764
RF,MLP,222,1339,0.12337662337662336,0.4326812181525481
RF,MLP,223,1345,0.3818181818181818,0.7360545377428421
RF,MLP,224,1347,0.051948051948051945,0.5130216532497155
RF,MLP,225,1361,0.26233766233766237,0.15211353600088018
RF,MLP,226,1366,0.09480519480519481,0.2044549110251544
RF,MLP,227,1378,0.16233766233766234,0.5556699421971547
RF,MLP,228,1379,-0.07402597402597402,0.46117571564346277
RF,MLP,229,1385,0.0974025974025974,0.12186040034388262
RF,MLP,230,1391,0.36363636363636365,0.43278399335785406
RF,MLP,231,1393,0.17012987012987013,0.6795765832585192
RF,MLP,232,1417,0.24155844155844156,0.41803907273262275
RF,MLP,233,1421,-0.059740259740259746,0.048421951217435304
RF,MLP,234,1424,0.04025974025974026,-0.06255739681496947
RF,MLP,235,1435,0.22857142857142856,0.3964896764708838
RF,MLP,236,1436,0.08571428571428572,0.45121333022010524
RF,MLP,237,1457,0.12077922077922078,0.49391954886393297
RF,MLP,238,1458,-0.059740259740259746,-0.07839488984585802
RF,MLP,239,1460,-0.2,0.29888272714398645
RF,MLP,240,1468,0.41038961038961036,0.17978336239803272
RF,MLP,241,1471,0.23636363636363636,0.48523470199839525
RF,MLP,242,1477,0.022077922077922082,0.06230566778520867
RF,MLP,243,1480,0.464935064935065,0.7570758548427924
RF,MLP,244,1481,-0.032467532467532464,0.2394070699343195
RF,MLP,245,1487,0.287012987012987,0.4359685773582523
RF,MLP,246,1489,0.40389610389610386,0.49289203944962995
RF,MLP,247,1491,0.2,0.38367836189485527
RF,MLP,248,1497,-0.11038961038961038,0.41466040818501343
RF,MLP,249,1501,0.29740259740259745,0.21263328129162876
RF,MLP,250,1505,-0.12337662337662336,0.44900534342030235
RF,MLP,251,1519,-0.12857142857142856,-0.016968880001385994
RF,MLP,252,1527,0.031168831168831172,0.42180860306344675
RF,MLP,253,1530,-0.0987012987012987,0.44465826361317434
RF,MLP,254,1531,0.3675324675324675,0.5503230712214568
RF,MLP,255,1539,0.2961038961038961,0.6104370321314578
RF,MLP,256,1540,0.3532467532467533,0.4278908804953308
RF,MLP,257,1543,-0.016883116883116882,0.08590848390286691
RF,MLP,258,1544,-0.14805194805194805,0.1737803635654738
RF,MLP,259,1552,0.029870129870129873,0.18229327537480305
RF,MLP,260,1555,0.37792207792207794,0.5187237883478482
RF,MLP,261,1556,0.2857142857142857,0.2405940874628094
RF,MLP,262,1561,0.32727272727272727,0.5209458138810983
RF,MLP,263,1565,0.13116883116883118,0.1402893513859602
RF,MLP,264,1573,0.2025974025974026,0.3538355353602822
RF,MLP,265,1587,0.21168831168831168,0.013073313988401187
RF,MLP,266,1588,0.12467532467532469,0.24323378960150402
RF,MLP,267,1593,0.2155844155844156,0.27881838699247175
RF,MLP,268,1600,0.20649350649350648,0.4859078509036966
RF,MLP,269,1610,0.6,0.36087262107371
RF,MLP,270,1611,0.3220779220779221,0.5260372542531488
RF,MLP,271,1618,0.1974025974025974,0.4007191574737232
RF,MLP,272,1619,0.3090909090909091,0.7093698756334443
RF,MLP,273,1627,0.1077922077922078,0.7020457315308922
RF,MLP,274,1641,0.20519480519480518,0.26927561892212826
RF,MLP,275,1642,0.3701298701298701,0.4080498359199063
RF,MLP,276,1644,0.0987012987012987,0.18239349028796406
RF,MLP,277,1657,0.02857142857142857,0.44078098065148513
RF,MLP,278,1662,0.35584415584415585,0.6826652714264466
RF,MLP,279,1667,0.1012987012987013,0.33632983156799084
RF,MLP,280,1676,0.2701298701298701,0.2962112210899835
RF,MLP,281,1682,0.3987012987012987,0.28855790799023934
RF,MLP,282,1691,0.07922077922077922,-0.11818643604842513
RF,MLP,283,1701,0.5285714285714286,0.602604722090092
RF,MLP,284,1709,0.07922077922077922,0.6838505306460899
RF,MLP,285,1712,0.2831168831168831,0.40220578404175084
RF,MLP,286,1715,0.07792207792207792,0.04739283126845634
RF,MLP,287,1719,0.10389610389610389,0.38113263395568936
RF,MLP,288,1720,0.3922077922077922,0.5609255795154335
RF,MLP,289,1723,0.1155844155844156,0.40412793747890563
RF,MLP,290,1733,-0.08181818181818182,0.1062100857869456
RF,MLP,291,1736,0.18051948051948052,0.25783550489665347
RF,MLP,292,1738,-0.022077922077922082,0.5348488236353948
RF,MLP,293,1743,0.24025974025974026,0.4140654811563358
RF,MLP,294,1747,0.28051948051948056,0.4932534702851084
RF,MLP,295,1757,0.07792207792207792,0.5284622279154626
RF,MLP,296,1758,0.174025974025974,0.2504933433706278
RF,MLP,297,1759,0.27792207792207796,0.43724123774789264
RF,MLP,298,1777,0.2038961038961039,0.29527386687317364
RF,MLP,299,1780,0.14025974025974028,0.17066271508574507
XGB,LGBM,0,23,0.6311688311688312,0.6500789790328937
XGB,LGBM,1,29,0.41038961038961036,0.7077780871872393
XGB,LGBM,2,30,0.287012987012987,0.753949388594959
XGB,LGBM,3,32,0.07012987012987014,0.34539258252033833
XGB,LGBM,4,44,0.44155844155844154,0.5949623755730119
XGB,LGBM,5,49,0.5974025974025974,0.6918720113494624
XGB,LGBM,6,51,0.32597402597402597,0.6621205033080748
XGB,LGBM,7,59,0.36623376623376624,0.4867041251216179
XGB,LGBM,8,65,0.37532467532467534,0.43805189108878495
XGB,LGBM,9,67,0.7220779220779221,0.9908904973410042
XGB,LGBM,10,69,0.5701298701298702,0.8135179946025352
XGB,LGBM,11,70,0.2584415584415584,0.5812571971312014
XGB,LGBM,12,71,0.6987012987012987,0.9136062295997088
XGB,LGBM,13,73,0.32857142857142857,0.6484146043900532
XGB,LGBM,14,76,0.18571428571428572,0.08392593462808723
XGB,LGBM,15,78,0.6779220779220779,0.7465300886233066
XGB,LGBM,16,99,0.5493506493506494,0.5781493012468715
XGB,LGBM,17,109,0.04025974025974026,0.11008714239534405
XGB,LGBM,18,111,0.35194805194805195,0.85335125906908
XGB,LGBM,19,115,0.5844155844155844,0.604201700353658
XGB,LGBM,20,123,0.7688311688311688,0.8803082820352628
XGB,LGBM,21,124,0.8064935064935065,0.9863805573684087
XGB,LGBM,22,135,0.3181818181818181,0.5869837435721096
XGB,LGBM,23,162,0.877922077922078,0.7683294900126614
XGB,LGBM,24,168,0.2792207792207792,0.3378473286492612
XGB,LGBM,25,173,0.2545454545454545,0.7471270613307001
XGB,LGBM,26,185,0.7220779220779221,0.8825036377850471
XGB,LGBM,27,188,0.8636363636363636,0.9767417205108551
XGB,LGBM,28,196,0.5246753246753247,0.7331137747761367
XGB,LGBM,29,203,0.6701298701298701,0.6330801150635152
XGB,LGBM,30,210,0.8116883116883117,0.9713800361088456
XGB,LGBM,31,212,0.5064935064935064,0.8663290171332656
XGB,LGBM,32,220,0.34025974025974026,0.9106839216165391
XGB,LGBM,33,233,0.1987012987012987,0.6205223847818784
XGB,LGBM,34,237,0.7935064935064934,0.9544562403104934
XGB,LGBM,35,239,0.10909090909090909,0.5177267422553747
XGB,LGBM,36,240,0.3,0.3283344781980787
XGB,LGBM,37,247,-0.062337662337662345,0.6799400630923921
XGB,LGBM,38,251,0.6792207792207793,0.8196183360148729
XGB,LGBM,39,254,0.2597402597402597,0.19054911019149784
XGB,LGBM,40,259,0.612987012987013,0.4072505063370069
XGB,LGBM,41,261,0.14805194805194805,0.49926607861943506
XGB,LGBM,42,270,0.5467532467532468,0.8278467937989643
XGB,LGBM,43,275,0.11038961038961038,0.5331673270151148
XGB,LGBM,44,289,0.8584415584415584,0.9662018283666381
XGB,LGBM,45,297,0.6870129870129871,0.352152252051552
XGB,LGBM,46,298,0.5753246753246753,0.909199653701647
XGB,LGBM,47,303,0.5454545454545454,0.9561292455098847
XGB,LGBM,48,305,0.4714285714285714,0.662285352469095
XGB,LGBM,49,316,0.751948051948052,0.8996992958348499
XGB,LGBM,50,322,0.6493506493506493,0.5810579151856583
XGB,LGBM,51,324,0.8116883116883117,0.8674081156291089
XGB,LGBM,52,331,0.6558441558441558,0.718535326884429
XGB,LGBM,53,332,0.41298701298701296,0.7475042504893183
XGB,LGBM,54,339,-0.15714285714285717,0.12943729069781487
XGB,LGBM,55,342,0.4077922077922078,0.6393247424856476
XGB,LGBM,56,344,0.6285714285714287,0.9358324728756628
XGB,LGBM,57,350,0.42727272727272725,0.32664654853540553
XGB,LGBM,58,351,0.45324675324675323,0.4791562158431455
XGB,LGBM,59,352,0.18441558441558442,-0.29904263840963935
XGB,LGBM,60,354,0.42987012987012985,0.8636871773375171
XGB,LGBM,61,365,0.6103896103896104,0.909106155749463
XGB,LGBM,62,366,0.287012987012987,0.8926904871198651
XGB,LGBM,63,371,0.803896103896104,0.9323580190057879
XGB,LGBM,64,374,0.29740259740259745,0.660514699700217
XGB,LGBM,65,382,0.7493506493506493,0.8624352366231265
XGB,LGBM,66,383,0.7779220779220779,0.6160838470139861
XGB,LGBM,67,394,0.7077922077922078,0.7275769672466781
XGB,LGBM,68,398,-0.011688311688311687,-0.5366901018667714
XGB,LGBM,69,411,0.5389610389610389,0.8670126149664047
XGB,LGBM,70,413,0.7389610389610389,0.729707808750133
XGB,LGBM,71,415,0.42727272727272725,0.44787049321509087
XGB,LGBM,72,416,0.2038961038961039,0.5150644774447506
XGB,LGBM,73,422,0.6714285714285714,0.9240561544813626
XGB,LGBM,74,426,0.3701298701298701,0.8136380471952681
XGB,LGBM,75,429,0.5155844155844156,0.6606468008465141
XGB,LGBM,76,432,0.48571428571428565,0.5912790993402172
XGB,LGBM,77,439,0.8415584415584414,0.8240181281624215
XGB,LGBM,78,450,0.5584415584415584,0.8749149274387762
XGB,LGBM,79,453,0.2038961038961039,0.6104622432778736
XGB,LGBM,80,462,0.4311688311688312,0.8829125419231584
XGB,LGBM,81,464,0.49610389610389616,0.8023709851473695
XGB,LGBM,82,471,0.374025974025974,0.5645150305727976
XGB,LGBM,83,479,0.37792207792207794,0.7469613853606629
XGB,LGBM,84,481,0.5805194805194805,0.8868408374152595
XGB,LGBM,85,482,0.43376623376623374,0.40134717158232097
XGB,LGBM,86,483,0.5194805194805194,0.7777541773195573
XGB,LGBM,87,485,0.36233766233766235,0.8428254181245698
XGB,LGBM,88,495,0.7311688311688312,0.7662125778862863
XGB,LGBM,89,506,0.5272727272727272,0.7602356397169229
XGB,LGBM,90,514,0.0987012987012987,-0.05412650346609347
XGB,LGBM,91,518,0.33246753246753247,0.21804102304838646
XGB,LGBM,92,526,0.5857142857142857,0.8552334698451322
XGB,LGBM,93,527,0.3246753246753247,0.8953140777080901
XGB,LGBM,94,530,0.525974025974026,0.8015659394850785
XGB,LGBM,95,534,0.5415584415584416,0.9185282982056837
XGB,LGBM,96,535,0.36623376623376624,0.7439098796965508
XGB,LGBM,97,544,0.48181818181818176,0.1258164290875064
XGB,LGBM,98,548,0.41558441558441556,0.09316293203576531
XGB,LGBM,99,561,0.8636363636363636,0.7796142587603573
XGB,LGBM,100,567,0.5012987012987012,0.5546152833099958
XGB,LGBM,101,576,0.5961038961038961,0.7574275770600315
XGB,LGBM,102,582,0.5168831168831168,0.9069595656967488
XGB,LGBM,103,583,0.4948051948051948,0.773769403915343
XGB,LGBM,104,584,0.24415584415584415,0.6175003369082559
XGB,LGBM,105,585,0.41298701298701296,0.9139527934966843
XGB,LGBM,106,588,0.42207792207792205,0.7814399520542948
XGB,LGBM,107,590,0.6363636363636362,0.9705148791535776
XGB,LGBM,108,593,0.7727272727272727,0.7387883348775968
XGB,LGBM,109,596,0.5922077922077922,0.6255584535002164
XGB,LGBM,110,602,0.2,0.2714255691832644
XGB,LGBM,111,609,0.5649350649350648,0.5272544724088617
XGB,LGBM,112,610,0.6584415584415585,0.8556271514400624
XGB,LGBM,113,613,0.21168831168831168,-0.15214974322889646
XGB,LGBM,114,617,0.1155844155844156,0.8603488751133238
XGB,LGBM,115,628,0.4077922077922078,0.8688416105834436
XGB,LGBM,116,631,0.4077922077922078,0.6787479078386809
XGB,LGBM,117,637,0.08961038961038961,0.11027887521832466
XGB,LGBM,118,650,0.27792207792207796,-0.08682644474109616
XGB,LGBM,119,651,-0.22857142857142856,0.7525503453734059
XGB,LGBM,120,654,0.34935064935064936,0.7970295979579031
XGB,LGBM,121,660,0.6116883116883116,0.6517814205435822
XGB,LGBM,122,680,-0.045454545454545456,0.10226042299219187
XGB,LGBM,123,693,0.42207792207792205,0.2584880120595659
XGB,LGBM,124,705,0.08571428571428572,-0.19024836660002029
XGB,LGBM,125,710,0.3506493506493506,0.481222657651379
XGB,LGBM,126,720,0.09220779220779221,-0.2568972008409399
XGB,LGBM,127,721,0.33766233766233766,0.26357348202900543
XGB,LGBM,128,733,0.5792207792207792,0.9406902717336519
XGB,LGBM,129,736,0.36103896103896105,0.48424534823289567
XGB,LGBM,130,741,-0.22207792207792207,-0.031481630293098424
XGB,LGBM,131,756,0.17142857142857143,0.611196566727191
XGB,LGBM,132,757,0.7571428571428571,0.8176754317827415
XGB,LGBM,133,764,0.312987012987013,0.45982741220163953
XGB,LGBM,134,771,0.5935064935064935,0.6284433087350472
XGB,LGBM,135,777,0.2727272727272727,0.41322841310371333
XGB,LGBM,136,778,0.7246753246753247,0.6893315944329753
XGB,LGBM,137,780,0.11948051948051949,-0.03381614502635052
XGB,LGBM,138,781,0.5025974025974026,0.9045952199298367
XGB,LGBM,139,782,0.638961038961039,0.8822712682972718
XGB,LGBM,140,798,0.6116883116883116,0.8565865197292853
XGB,LGBM,141,799,0.5792207792207792,0.5581937202664637
XGB,LGBM,142,816,0.24675324675324672,0.6577365093815157
XGB,LGBM,143,817,0.15844155844155844,0.5277147022265292
XGB,LGBM,144,824,0.5922077922077922,0.7653715782873012
XGB,LGBM,145,838,0.4896103896103896,0.6783669881367886
XGB,LGBM,146,842,0.17922077922077922,0.9153906501644924
XGB,LGBM,147,846,0.6207792207792208,0.7363554457812934
XGB,LGBM,148,857,0.3818181818181818,0.6415884586530706
XGB,LGBM,149,867,0.7064935064935066,0.5957336536589509
XGB,LGBM,150,869,0.5727272727272726,0.7661472408145441
XGB,LGBM,151,886,0.11428571428571428,0.18093524356273893
XGB,LGBM,152,889,0.40649350649350646,0.895338067082697
XGB,LGBM,153,893,0.3168831168831169,-0.3941717314167531
XGB,LGBM,154,904,0.4701298701298702,0.8613350287302852
XGB,LGBM,155,914,0.6012987012987013,0.938608478526547
XGB,LGBM,156,926,0.774025974025974,0.9040242870616858
XGB,LGBM,157,936,0.24675324675324672,0.5795959108318215
XGB,LGBM,158,939,0.3987012987012987,0.5949696127608144
XGB,LGBM,159,941,0.4207792207792207,0.5659985712013869
XGB,LGBM,160,943,0.045454545454545456,0.5955329177623434
XGB,LGBM,161,946,0.7376623376623377,0.9731283867820503
XGB,LGBM,162,952,0.5506493506493506,0.9393283179012129
XGB,LGBM,163,965,0.7155844155844155,0.740933085961537
XGB,LGBM,164,988,0.6467532467532467,0.7594638286639306
XGB,LGBM,165,994,0.6415584415584416,0.8697288060058211
XGB,LGBM,166,1004,0.44935064935064933,0.6684518598506186
XGB,LGBM,167,1009,0.7688311688311688,0.6656346600591401
XGB,LGBM,168,1018,0.39610389610389607,0.6603890623653371
XGB,LGBM,169,1033,0.2909090909090909,-0.5386184428848243
XGB,LGBM,170,1034,0.4194805194805195,0.6988239175459726
XGB,LGBM,171,1043,0.6532467532467533,0.8309198841309999
XGB,LGBM,172,1061,0.26233766233766237,0.3614970406176102
XGB,LGBM,173,1073,0.6766233766233766,0.7417445026185231
XGB,LGBM,174,1074,0.27662337662337666,0.4583520025892252
XGB,LGBM,175,1079,0.5818181818181818,0.2545584602737765
XGB,LGBM,176,1084,0.6545454545454545,0.5137222818705277
XGB,LGBM,177,1106,0.5649350649350648,0.7304893390108521
XGB,LGBM,178,1108,0.4207792207792207,0.576157523469972
XGB,LGBM,179,1110,0.15714285714285717,0.467572779528875
XGB,LGBM,180,1111,0.5792207792207792,0.7045940959797725
XGB,LGBM,181,1113,0.6298701298701298,0.9145996167559027
XGB,LGBM,182,1114,0.4701298701298702,0.9573452211402921
XGB,LGBM,183,1117,0.48441558441558447,0.9281004897707307
XGB,LGBM,184,1132,0.05584415584415584,0.633038538057688
XGB,LGBM,185,1137,0.16103896103896104,0.5807898696016649
XGB,LGBM,186,1138,0.7207792207792209,0.7297520439526387
XGB,LGBM,187,1140,0.4077922077922078,0.692146671505183
XGB,LGBM,188,1142,0.8454545454545455,0.914868552059817
XGB,LGBM,189,1145,0.548051948051948,0.8445768417556796
XGB,LGBM,190,1146,0.7714285714285715,0.8077991834722907
XGB,LGBM,191,1151,0.7571428571428571,0.9657263025688235
XGB,LGBM,192,1168,0.5727272727272726,0.8056568503465174
XGB,LGBM,193,1169,0.548051948051948,0.8274284474620873
XGB,LGBM,194,1177,0.5363636363636364,0.7725607732748382
XGB,LGBM,195,1178,0.6506493506493506,0.94740761617641
XGB,LGBM,196,1182,0.35194805194805195,0.4296235706122734
XGB,LGBM,197,1190,0.11818181818181818,0.4233700281376098
XGB,LGBM,198,1197,0.6025974025974027,0.908002019178603
XGB,LGBM,199,1204,0.5805194805194805,0.6559451525774417
XGB,LGBM,200,1208,0.7038961038961039,0.7057781614485158
XGB,LGBM,201,1211,0.4311688311688312,0.8584251261158953
XGB,LGBM,202,1220,0.3922077922077922,0.8715946251816069
XGB,LGBM,203,1226,0.5766233766233767,0.9410243823836453
XGB,LGBM,204,1235,0.49870129870129876,0.5511395951594813
XGB,LGBM,205,1240,0.7454545454545455,0.7837343257515221
XGB,LGBM,206,1249,0.3363636363636363,0.819644331963785
XGB,LGBM,207,1253,-0.02857142857142857,0.486048576410288
XGB,LGBM,208,1255,0.864935064935065,0.9862504524480725
XGB,LGBM,209,1258,0.45324675324675323,0.6393278360035373
XGB,LGBM,210,1262,0.08181818181818182,0.3869344808042293
XGB,LGBM,211,1268,0.5389610389610389,0.44391416550843893
XGB,LGBM,212,1271,0.4168831168831169,0.4623141730668774
XGB,LGBM,213,1278,0.5389610389610389,0.6146650745682621
XGB,LGBM,214,1284,0.1987012987012987,0.2605784161518626
XGB,LGBM,215,1296,0.6350649350649351,0.7250916716095828
XGB,LGBM,216,1309,0.05064935064935065,-0.46921657942956857
XGB,LGBM,217,1310,0.3948051948051948,0.432665360180104
XGB,LGBM,218,1317,0.5337662337662338,0.5943363763359419
XGB,LGBM,219,1320,0.5831168831168831,0.7243203606244736
XGB,LGBM,220,1328,0.6272727272727273,0.8815674045284128
XGB,LGBM,221,1334,0.7688311688311688,0.9408957779236501
XGB,LGBM,222,1339,0.5389610389610389,0.8403693732875943
XGB,LGBM,223,1345,0.6883116883116883,0.9014527606066812
XGB,LGBM,224,1347,0.10389610389610389,0.26607859670977485
XGB,LGBM,225,1361,0.625974025974026,0.8313035908144586
XGB,LGBM,226,1366,0.5506493506493506,0.6060133517184475
XGB,LGBM,227,1378,0.3025974025974026,0.8683139414592818
XGB,LGBM,228,1379,0.7051948051948052,0.9015077793505577
XGB,LGBM,229,1385,0.212987012987013,-0.04859211924366333
XGB,LGBM,230,1391,0.3077922077922078,0.6637435739375711
XGB,LGBM,231,1393,0.5064935064935064,0.9520194210608789
XGB,LGBM,232,1417,0.2662337662337662,0.8351721923475646
XGB,LGBM,233,1421,0.7051948051948052,0.8760325954987013
XGB,LGBM,234,1424,0.5168831168831168,0.7084909386237676
XGB,LGBM,235,1435,0.7818181818181819,0.7385472024226835
XGB,LGBM,236,1436,0.33896103896103896,0.6934761273494177
XGB,LGBM,237,1457,0.6,0.9529559494521336
XGB,LGBM,238,1458,-0.08961038961038961,0.5567836433715136
XGB,LGBM,239,1460,0.11168831168831168,0.13013691480741027
XGB,LGBM,240,1468,0.5844155844155844,0.5743339650466064
XGB,LGBM,241,1471,0.5181818181818182,0.9258498743942128
XGB,LGBM,242,1477,0.34675324675324676,0.5708445046579591
XGB,LGBM,243,1480,0.2701298701298701,0.9053710826642827
XGB,LGBM,244,1481,0.7298701298701298,0.7884100541885766
XGB,LGBM,245,1487,0.17792207792207793,0.4527802047764602
XGB,LGBM,246,1489,0.7311688311688312,0.7777296483841929
XGB,LGBM,247,1491,0.16493506493506493,0.5858637188390765
XGB,LGBM,248,1497,0.5402597402597402,0.8848166385132012
XGB,LGBM,249,1501,0.3649350649350649,0.28898399471264385
XGB,LGBM,250,1505,0.4051948051948052,0.6097260210824563
XGB,LGBM,251,1519,-0.06753246753246753,0.553419848916763
XGB,LGBM,252,1527,0.3233766233766234,0.7919208379952545
XGB,LGBM,253,1530,0.0987012987012987,0.5780241405868431
XGB,LGBM,254,1531,0.648051948051948,0.9267464561486785
XGB,LGBM,255,1539,0.5051948051948052,0.8290305662790838
XGB,LGBM,256,1540,0.35584415584415585,0.9495696763712295
XGB,LGBM,257,1543,0.7441558441558441,0.8921852248381963
XGB,LGBM,258,1544,0.6090909090909091,0.7307393813236882
XGB,LGBM,259,1552,0.7792207792207791,0.9680055954119372
XGB,LGBM,260,1555,0.17142857142857143,0.44443485032309493
XGB,LGBM,261,1556,0.6077922077922078,0.7562201032939162
XGB,LGBM,262,1561,0.42727272727272725,0.8559480121349943
XGB,LGBM,263,1565,0.6766233766233766,0.8425615530784262
XGB,LGBM,264,1573,0.5194805194805194,0.4974758606353984
XGB,LGBM,265,1587,0.5064935064935064,0.8812778988859605
XGB,LGBM,266,1588,0.11688311688311687,0.17871111917481564
XGB,LGBM,267,1593,0.3155844155844156,0.447362415891831
XGB,LGBM,268,1600,0.17272727272727273,0.6602562741884704
XGB,LGBM,269,1610,0.12337662337662336,0.2151195657896438
XGB,LGBM,270,1611,0.37792207792207794,0.7286164524927606
XGB,LGBM,271,1618,0.4051948051948052,0.8217604873159228
XGB,LGBM,272,1619,0.3766233766233766,0.91774504863547
XGB,LGBM,273,1627,0.36623376623376624,0.8428514434994128
XGB,LGBM,274,1641,0.7207792207792209,0.7727823898264392
XGB,LGBM,275,1642,0.5441558441558442,0.9420492567887365
XGB,LGBM,276,1644,0.525974025974026,0.8415655145050869
XGB,LGBM,277,1657,0.5935064935064935,0.7905161117507743
XGB,LGBM,278,1662,0.38051948051948054,0.8154666148565842
XGB,LGBM,279,1667,0.39350649350649347,0.7231011726618108
XGB,LGBM,280,1676,0.6467532467532467,0.7931022477512949
XGB,LGBM,281,1682,0.13766233766233765,0.6580912505812576
XGB,LGBM,282,1691,0.13506493506493505,-0.5552208989485369
XGB,LGBM,283,1701,0.2792207792207792,0.7299805288480142
XGB,LGBM,284,1709,0.5883116883116883,0.9351308832483642
XGB,LGBM,285,1712,-0.10519480519480517,0.34520031312998123
XGB,LGBM,286,1715,0.34545454545454546,0.3949875563748906
XGB,LGBM,287,1719,0.7610389610389611,0.9699782722585202
XGB,LGBM,288,1720,-0.04155844155844156,0.5057991865302295
XGB,LGBM,289,1723,0.6168831168831169,0.850071817745081
XGB,LGBM,290,1733,-0.03506493506493507,-0.338335119037035
XGB,LGBM,291,1736,0.39350649350649347,-0.3011160265892238
XGB,LGBM,292,1738,0.46623376623376617,0.9726454821491053
XGB,LGBM,293,1743,0.877922077922078,0.7142169246862873
XGB,LGBM,294,1747,0.4623376623376624,0.6294148098852078
XGB,LGBM,295,1757,0.6532467532467533,0.9234529714502806
XGB,LGBM,296,1758,0.24805194805194808,0.4476761869379539
XGB,LGBM,297,1759,0.764935064935065,0.9832387039433091
XGB,LGBM,298,1777,0.34285714285714286,0.04023227901919965
XGB,LGBM,299,1780,-0.14155844155844155,-0.7066490767345195
XGB,MLP,0,23,0.26233766233766237,0.5003667244469998
XGB,MLP,1,29,0.2935064935064935,0.5719723281698592
XGB,MLP,2,30,0.24675324675324672,0.5517960386582715
XGB,MLP,3,32,0.17012987012987013,0.34773701269797275
XGB,MLP,4,44,0.16493506493506493,0.14332901112710988
XGB,MLP,5,49,0.2727272727272727,0.49451127752688456
XGB,MLP,6,51,-0.1077922077922078,0.08815973189424356
XGB,MLP,7,59,-0.007792207792207793,-0.274848728107219
XGB,MLP,8,65,0.2857142857142857,0.556395165239209
XGB,MLP,9,67,0.5636363636363637,0.6151815471832138
XGB,MLP,10,69,0.36883116883116884,0.5546955958058744
XGB,MLP,11,70,0.4714285714285714,0.4969879726504308
XGB,MLP,12,71,0.251948051948052,0.43053642510849954
XGB,MLP,13,73,-0.05454545454545454,-0.2715058007448234
XGB,MLP,14,76,0.3220779220779221,0.16145585510511778
XGB,MLP,15,78,0.45324675324675323,0.54055073319874
XGB,MLP,16,99,-0.22207792207792207,-0.2925762279845795
XGB,MLP,17,109,-0.2558441558441559,-0.1694110020444523
XGB,MLP,18,111,0.13116883116883118,0.06414587661171153
XGB,MLP,19,115,0.45584415584415583,0.5371451039291053
XGB,MLP,20,123,0.2155844155844156,0.614219252923312
XGB,MLP,21,124,0.5610389610389611,0.809737436423165
XGB,MLP,22,135,0.43636363636363634,0.38364709786351964
XGB,MLP,23,162,0.27792207792207796,0.23471424148565784
XGB,MLP,24,168,0.04675324675324675,0.22924112786638054
XGB,MLP,25,173,0.12077922077922078,0.7968161421451115
XGB,MLP,26,185,-0.14805194805194805,-0.1335558139032645
XGB,MLP,27,188,0.04805194805194805,0.757835350249416
XGB,MLP,28,196,0.14935064935064934,0.5496993075553273
XGB,MLP,29,203,-0.09480519480519481,-0.25331049728004773
XGB,MLP,30,210,0.39610389610389607,0.8343846811829139
XGB,MLP,31,212,0.11038961038961038,0.8396715447407332
XGB,MLP,32,220,0.2922077922077922,0.7802518325343478
XGB,MLP,33,233,0.4246753246753247,0.3433108491856717
XGB,MLP,34,237,0.22337662337662337,0.503916678933223
XGB,MLP,35,239,0.1922077922077922,0.279678316822667
XGB,MLP,36,240,0.22597402597402597,0.4414484897502124
XGB,MLP,37,247,-0.01818181818181818,0.09500779937996749
XGB,MLP,38,251,0.41298701298701296,0.3380832541336167
XGB,MLP,39,254,-0.12987012987012986,-0.40939863062205484
XGB,MLP,40,259,0.3207792207792208,0.2582979129398027
XGB,MLP,41,261,0.32857142857142857,0.4443509260590164
XGB,MLP,42,270,0.2636363636363636,0.6006181457209928
XGB,MLP,43,275,0.07012987012987014,0.1516452583233707
XGB,MLP,44,289,0.23376623376623373,0.6437368019880902
XGB,MLP,45,297,0.2558441558441559,-0.01799117185980202
XGB,MLP,46,298,0.38831168831168833,0.692714504700865
XGB,MLP,47,303,0.3532467532467533,0.7162374585627287
XGB,MLP,48,305,0.10909090909090909,0.5655678108174549
XGB,MLP,49,316,-0.20649350649350648,-0.08491604988160005
XGB,MLP,50,322,0.44935064935064933,0.16402621777273146
XGB,MLP,51,324,-0.01818181818181818,-0.1352395315219201
XGB,MLP,52,331,0.2584415584415584,0.056635891806415296
XGB,MLP,53,332,0.1155844155844156,0.5922271984795905
XGB,MLP,54,339,0.06363636363636363,0.24520919323181276
XGB,MLP,55,342,-0.04285714285714286,0.43304961859912067
XGB,MLP,56,344,0.2961038961038961,0.8367038600944275
XGB,MLP,57,350,0.1909090909090909,0.6295783139112993
XGB,MLP,58,351,0.2506493506493506,0.24554058725969766
XGB,MLP,59,352,0.274025974025974,-0.05746360688909123
XGB,MLP,60,354,0.033766233766233764,0.763576842066727
XGB,MLP,61,365,0.28181818181818186,0.7145047014283231
XGB,MLP,62,366,0.3922077922077922,0.7131809375005813
XGB,MLP,63,371,0.3025974025974026,0.5927657183008719
XGB,MLP,64,374,0.37532467532467534,0.4244838462356891
XGB,MLP,65,382,0.26883116883116887,0.6211888968284148
XGB,MLP,66,383,0.24805194805194808,0.3929011012036088
XGB,MLP,67,394,0.3337662337662338,0.6021948456853417
XGB,MLP,68,398,0.23766233766233766,0.04698605954181774
XGB,MLP,69,411,0.33246753246753247,0.7283289127525929
XGB,MLP,70,413,-0.0974025974025974,-0.35921871636010655
XGB,MLP,71,415,0.3311688311688311,0.07750859586034485
XGB,MLP,72,416,0.1974025974025974,0.20460621120917735
XGB,MLP,73,422,0.44155844155844154,0.7173877186813213
XGB,MLP,74,426,0.38571428571428573,0.705847931410637
XGB,MLP,75,429,0.24415584415584415,0.5898153183769348
XGB,MLP,76,432,0.24025974025974026,0.4371956781496476
XGB,MLP,77,439,0.28441558441558445,0.5907619850565735
XGB,MLP,78,450,0.18571428571428572,0.7016747796320199
XGB,MLP,79,453,-0.125974025974026,0.4854296808398351
XGB,MLP,80,462,0.2753246753246753,0.39341328938043696
XGB,MLP,81,464,0.24935064935064938,0.5945851703356945
XGB,MLP,82,471,0.14025974025974028,0.5705348258997114
XGB,MLP,83,479,0.15974025974025974,0.6559738079742345
XGB,MLP,84,481,0.2194805194805195,0.5853441863977819
XGB,MLP,85,482,0.24285714285714283,0.5802319588287156
XGB,MLP,86,483,0.4246753246753247,0.5188002091704644
XGB,MLP,87,485,0.08311688311688312,0.656789324695101
XGB,MLP,88,495,0.32857142857142857,0.5749225478353343
XGB,MLP,89,506,0.03636363636363636,0.040829871523629886
XGB,MLP,90,514,0.287012987012987,0.5758816892095568
XGB,MLP,91,518,-0.13246753246753248,-0.1286045351782355
XGB,MLP,92,526,0.348051948051948,0.6374377513584993
XGB,MLP,93,527,0.23636363636363636,0.530867848478037
XGB,MLP,94,530,-0.0038961038961038965,0.6812138203310604
XGB,MLP,95,534,0.2857142857142857,0.6346683406143174
XGB,MLP,96,535,0.03766233766233767,-0.32102135542923943
XGB,MLP,97,544,-0.087012987012987,-0.21388115989321066
XGB,MLP,98,548,0.41038961038961036,0.2495570196272495
XGB,MLP,99,561,0.38571428571428573,0.5906478583203452
XGB,MLP,100,567,0.3974025974025974,0.3963100852368472
XGB,MLP,101,576,0.13246753246753248,0.3017548367122195
XGB,MLP,102,582,0.15714285714285717,0.8377123972881506
XGB,MLP,103,583,0.16493506493506493,0.5376380414567352
XGB,MLP,104,584,0.024675324675324677,-0.07997290544441123
XGB,MLP,105,585,0.20129870129870128,0.2848025940897252
XGB,MLP,106,588,0.2792207792207792,0.632158753271956
XGB,MLP,107,590,0.34675324675324676,0.5333021985894117
XGB,MLP,108,593,0.42207792207792205,0.5634412589439494
XGB,MLP,109,596,0.05064935064935065,-0.0837981739999623
XGB,MLP,110,602,0.17662337662337665,0.38802786631487246
XGB,MLP,111,609,-0.5311688311688313,-0.3778515013381016
XGB,MLP,112,610,0.15064935064935067,-0.11001950740777136
XGB,MLP,113,613,0.01818181818181818,-0.17065785909997605
XGB,MLP,114,617,-0.1961038961038961,0.6785704973012544
XGB,MLP,115,628,0.3571428571428571,0.6997999689676868
XGB,MLP,116,631,0.3233766233766234,0.7282443270775127
XGB,MLP,117,637,0.274025974025974,0.004387378115514846
XGB,MLP,118,650,0.4,0.0649210514241571
XGB,MLP,119,651,0.22987012987012984,0.27940306325693004
XGB,MLP,120,654,0.27662337662337666,0.7160006985828264
XGB,MLP,121,660,-0.551948051948052,-0.19532644893319662
XGB,MLP,122,680,0.27662337662337666,0.35466566497693947
XGB,MLP,123,693,0.5155844155844156,0.26365225516231683
XGB,MLP,124,705,-0.1,-0.29519581118127974
XGB,MLP,125,710,0.17792207792207793,0.5349740583744821
XGB,MLP,126,720,-0.1012987012987013,-0.1369797122072373
XGB,MLP,127,721,0.212987012987013,0.5275149319303806
XGB,MLP,128,733,0.2792207792207792,0.6783247203077454
XGB,MLP,129,736,0.24935064935064938,0.5548969059503093
XGB,MLP,130,741,-0.1077922077922078,-0.1824117171049827
XGB,MLP,131,756,0.34025974025974026,0.23413112762208085
XGB,MLP,132,757,0.14935064935064934,0.3701424540466839
XGB,MLP,133,764,0.2662337662337662,0.5445768681672346
XGB,MLP,134,771,0.14935064935064934,0.5482532746440237
XGB,MLP,135,777,0.42207792207792205,0.4328442632339586
XGB,MLP,136,778,0.18961038961038962,0.018289182655732372
XGB,MLP,137,780,-0.01948051948051948,-0.04266299117169485
XGB,MLP,138,781,0.2324675324675325,0.20768864366458192
XGB,MLP,139,782,0.17142857142857143,0.5139297450428665
XGB,MLP,140,798,0.22987012987012984,0.25758461328142906
XGB,MLP,141,799,0.20519480519480518,0.58444320472541
XGB,MLP,142,816,0.2311688311688312,0.40765662432666916
XGB,MLP,143,817,-0.12727272727272726,-0.43264462914844043
XGB,MLP,144,824,-0.029870129870129873,-0.34366568916821194
XGB,MLP,145,838,0.3766233766233766,0.6436221076598276
XGB,MLP,146,842,0.17142857142857143,0.8180894952844133
XGB,MLP,147,846,0.36363636363636365,0.4312216745847574
XGB,MLP,148,857,0.43376623376623374,0.3559559503371688
XGB,MLP,149,867,0.487012987012987,0.393419831526439
XGB,MLP,150,869,0.14545454545454545,0.5364905941231618
XGB,MLP,151,886,0.28051948051948056,0.5414090723962139
XGB,MLP,152,889,0.18051948051948052,0.8380383493092327
XGB,MLP,153,893,0.274025974025974,0.06947881120739911
XGB,MLP,154,904,-0.14545454545454545,-0.14892244567663926
XGB,MLP,155,914,0.3077922077922078,0.5122666479802774
XGB,MLP,156,926,0.2831168831168831,0.5714028983099484
XGB,MLP,157,936,0.08311688311688312,0.7009681609704972
XGB,MLP,158,939,0.5298701298701299,0.595943025831227
XGB,MLP,159,941,0.04805194805194805,-0.0738577972075468
XGB,MLP,160,943,0.4584415584415585,0.634650642868055
XGB,MLP,161,946,0.387012987012987,0.7131332192849413
XGB,MLP,162,952,0.3948051948051948,0.6925039301751926
XGB,MLP,163,965,0.20649350649350648,0.6056598815801093
XGB,MLP,164,988,0.13896103896103898,0.09037471383379012
XGB,MLP,165,994,0.3701298701298701,0.40807628549330804
XGB,MLP,166,1004,0.20519480519480518,-0.07998068312785488
XGB,MLP,167,1009,0.4,0.5468079480093269
XGB,MLP,168,1018,0.31428571428571433,0.6305415802464489
XGB,MLP,169,1033,0.29480519480519485,0.014191650412253178
XGB,MLP,170,1034,0.05454545454545454,0.7099546453939449
XGB,MLP,171,1043,0.14415584415584418,0.5073410096355392
XGB,MLP,172,1061,-0.15844155844155844,-0.5557141889986206
XGB,MLP,173,1073,0.17272727272727273,0.3983225174077163
XGB,MLP,174,1074,0.21688311688311687,0.31389313669936814
XGB,MLP,175,1079,0.438961038961039,0.20225578274861894
XGB,MLP,176,1084,0.2675324675324675,-0.046397409775929474
XGB,MLP,177,1106,0.3103896103896104,0.5121970469289276
XGB,MLP,178,1108,0.1961038961038961,0.48822156184783827
XGB,MLP,179,1110,-0.06363636363636363,-0.44003266159502263
XGB,MLP,180,1111,-0.1935064935064935,-0.10741062629484847
XGB,MLP,181,1113,0.14155844155844155,0.8156493396748106
XGB,MLP,182,1114,0.03896103896103896,0.7776900780645022
XGB,MLP,183,1117,0.1935064935064935,0.7991256406472028
XGB,MLP,184,1132,-0.025974025974025972,0.5961263133384519
XGB,MLP,185,1137,0.051948051948051945,0.7316223849822684
XGB,MLP,186,1138,0.3051948051948052,0.49559728570225037
XGB,MLP,187,1140,0.0974025974025974,0.7557335016553328
XGB,MLP,188,1142,0.374025974025974,0.5176126499512982
XGB,MLP,189,1145,-0.059740259740259746,0.48753887076610114
XGB,MLP,190,1146,0.36623376623376624,0.6040900621018633
XGB,MLP,191,1151,0.29740259740259745,0.543998061809787
XGB,MLP,192,1168,-0.5181818181818182,-0.5900915404380004
XGB,MLP,193,1169,0.24415584415584415,0.7841613627402284
XGB,MLP,194,1177,0.4051948051948052,0.49420416402257455
XGB,MLP,195,1178,0.2155844155844156,0.8635866297757371
XGB,MLP,196,1182,-0.05454545454545454,0.4623144889096728
XGB,MLP,197,1190,-0.04285714285714286,0.40923274096566303
XGB,MLP,198,1197,0.2675324675324675,-0.010544060579728936
XGB,MLP,199,1204,0.587012987012987,0.3735293222574455
XGB,MLP,200,1208,0.2571428571428571,0.5031862431573481
XGB,MLP,201,1211,0.1948051948051948,0.8310033001004511
XGB,MLP,202,1220,0.5246753246753247,0.2426034901257717
XGB,MLP,203,1226,0.2571428571428571,0.8630966496760605
XGB,MLP,204,1235,0.24155844155844156,0.4905703763913102
XGB,MLP,205,1240,0.45714285714285713,0.5986960308856796
XGB,MLP,206,1249,0.07792207792207792,0.7880622309984852
XGB,MLP,207,1253,0.5168831168831168,0.4203551678466424
XGB,MLP,208,1255,0.2909090909090909,0.6852859522231741
XGB,MLP,209,1258,-0.006493506493506493,0.7118897370797688
XGB,MLP,210,1262,0.07142857142857142,0.700279160114395
XGB,MLP,211,1268,0.448051948051948,0.45732193227373946
XGB,MLP,212,1271,0.45714285714285713,0.34212489577090704
XGB,MLP,213,1278,0.23896103896103899,0.19432824608673763
XGB,MLP,214,1284,0.6623376623376622,0.11328628244088754
XGB,MLP,215,1296,0.13116883116883118,-0.06762545601567048
XGB,MLP,216,1309,0.045454545454545456,0.01728585028332787
XGB,MLP,217,1310,-0.02727272727272727,-0.373615963607026
XGB,MLP,218,1317,0.01818181818181818,-0.04058517235332413
XGB,MLP,219,1320,0.6519480519480519,0.2800668891467691
XGB,MLP,220,1328,0.44285714285714284,0.6106399441506981
XGB,MLP,221,1334,0.28181818181818186,0.5427151883611497
XGB,MLP,222,1339,0.4090909090909091,0.6851814781387578
XGB,MLP,223,1345,0.1922077922077922,0.8019484104778063
XGB,MLP,224,1347,-0.05844155844155843,0.4494596118904449
XGB,MLP,225,1361,0.2714285714285714,0.2455385512717515
XGB,MLP,226,1366,0.0974025974025974,-0.034117872720476033
XGB,MLP,227,1378,0.07142857142857142,0.7646821733214959
XGB,MLP,228,1379,0.3207792207792208,0.7749158221457416
XGB,MLP,229,1385,0.12987012987012986,0.06430298547450267
XGB,MLP,230,1391,0.0025974025974025974,0.4638439006839322
XGB,MLP,231,1393,0.17142857142857143,0.8384354452637265
XGB,MLP,232,1417,0.08181818181818182,0.5641429989735839
XGB,MLP,233,1421,0.005194805194805195,-0.015885670552322175
XGB,MLP,234,1424,0.062337662337662345,-0.2219446979540658
XGB,MLP,235,1435,0.425974025974026,0.561349398919115
XGB,MLP,236,1436,0.1012987012987013,0.6251227822811726
XGB,MLP,237,1457,0.15454545454545454,0.6225552499235304
XGB,MLP,238,1458,0.2506493506493506,-0.08281476812219972
XGB,MLP,239,1460,-0.11298701298701298,0.2987954556693683
XGB,MLP,240,1468,0.32727272727272727,0.03471212054489475
XGB,MLP,241,1471,0.3948051948051948,0.6261204092174124
XGB,MLP,242,1477,0.06493506493506493,-0.08792027789783143
XGB,MLP,243,1480,0.32987012987012987,0.7586131565083304
XGB,MLP,244,1481,0.34155844155844156,0.3373470190668432
XGB,MLP,245,1487,0.34675324675324676,0.6462257438735967
XGB,MLP,246,1489,0.37272727272727274,0.5747545067808977
XGB,MLP,247,1491,0.3038961038961039,0.7656245294714008
XGB,MLP,248,1497,-0.21168831168831168,0.7482259425428728
XGB,MLP,249,1501,0.20129870129870128,0.02487155025025824
XGB,MLP,250,1505,-0.09090909090909091,0.7072850263454813
XGB,MLP,251,1519,0.031168831168831172,-0.020258605953664625
XGB,MLP,252,1527,0.4116883116883117,0.3692154926191185
XGB,MLP,253,1530,-0.051948051948051945,0.41858224370021957
XGB,MLP,254,1531,0.41038961038961036,0.7520515640180463
XGB,MLP,255,1539,0.2311688311688312,0.7761890462906867
XGB,MLP,256,1540,-0.2,0.7227978145456856
XGB,MLP,257,1543,-0.23636363636363636,-0.1395515488236926
XGB,MLP,258,1544,0.06493506493506493,0.5775134256998101
XGB,MLP,259,1552,0.06753246753246753,0.46423191105836253
XGB,MLP,260,1555,0.5233766233766234,0.528819599819887
XGB,MLP,261,1556,0.23766233766233766,0.28323098957962495
XGB,MLP,262,1561,0.37922077922077924,0.6157864260792847
XGB,MLP,263,1565,0.37532467532467534,0.5817536508610511
XGB,MLP,264,1573,0.48441558441558447,0.4685328442664358
XGB,MLP,265,1587,-0.06623376623376624,0.008563508132645942
XGB,MLP,266,1588,0.3181818181818181,0.24722224963061987
XGB,MLP,267,1593,-0.10909090909090909,-0.030676628409614916
XGB,MLP,268,1600,0.3532467532467533,0.5202816546492324
XGB,MLP,269,1610,0.40129870129870127,0.10355473405984503
XGB,MLP,270,1611,0.18441558441558442,0.6305848514918213
XGB,MLP,271,1618,0.32987012987012987,0.6281541703117661
XGB,MLP,272,1619,0.24285714285714283,0.7931285053358057
XGB,MLP,273,1627,-0.0025974025974025974,0.8519370928831292
XGB,MLP,274,1641,0.2194805194805195,-0.0209971608519975
XGB,MLP,275,1642,0.04155844155844156,0.6412705405289008
XGB,MLP,276,1644,-0.04935064935064935,0.4141024146114862
XGB,MLP,277,1657,0.06363636363636363,0.6383810005927593
XGB,MLP,278,1662,0.20129870129870128,0.5447886258078097
XGB,MLP,279,1667,0.15844155844155844,0.38542618274852025
XGB,MLP,280,1676,0.3233766233766234,0.1786013733102416
XGB,MLP,281,1682,0.23636363636363636,0.20156449687529776
XGB,MLP,282,1691,0.05844155844155843,-0.07511859358832089
XGB,MLP,283,1701,0.35584415584415585,0.7610098194131915
XGB,MLP,284,1709,0.20909090909090908,0.7739734344930924
XGB,MLP,285,1712,0.2701298701298701,0.44827969025424674
XGB,MLP,286,1715,0.3103896103896104,0.12744186500507587
XGB,MLP,287,1719,0.2675324675324675,0.726523550317396
XGB,MLP,288,1720,0.6025974025974027,0.5142703648200011
XGB,MLP,289,1723,0.4142857142857143,0.5671647755987107
XGB,MLP,290,1733,-0.0012987012987012987,0.08743399700782413
XGB,MLP,291,1736,0.487012987012987,0.09930008912890846
XGB,MLP,292,1738,0.40259740259740256,0.5970168390310638
XGB,MLP,293,1743,0.39350649350649347,0.5680023551744113
XGB,MLP,294,1747,0.2532467532467532,0.5738565377258834
XGB,MLP,295,1757,0.10909090909090909,0.6009028631864111
XGB,MLP,296,1758,0.187012987012987,0.5341279186012835
XGB,MLP,297,1759,0.36363636363636365,0.6431494740264363
XGB,MLP,298,1777,0.1922077922077922,0.08351700480847918
XGB,MLP,299,1780,0.18051948051948052,0.016469648978234525
LGBM,MLP,0,23,0.07012987012987014,0.696345365851278
LGBM,MLP,1,29,0.033766233766233764,0.611323824778511
LGBM,MLP,2,30,0.05324675324675325,0.560740075517531
LGBM,MLP,3,32,0.087012987012987,0.5211547874315582
LGBM,MLP,4,44,-0.11428571428571428,-0.21942841716605377
LGBM,MLP,5,49,0.06753246753246753,0.1776439029985727
LGBM,MLP,6,51,0.18571428571428572,0.3054627292218695
LGBM,MLP,7,59,-0.24675324675324672,-0.5434834052308324
LGBM,MLP,8,65,0.087012987012987,0.7111810070452642
LGBM,MLP,9,67,0.45714285714285713,0.612604887213148
LGBM,MLP,10,69,0.07532467532467534,0.4747707453320064
LGBM,MLP,11,70,0.22987012987012984,0.6433299695365879
LGBM,MLP,12,71,0.251948051948052,0.4584555185002199
LGBM,MLP,13,73,0.03636363636363636,-0.1653419143662611
LGBM,MLP,14,76,0.17012987012987013,0.7153181576530412
LGBM,MLP,15,78,0.29740259740259745,0.6893478481633082
LGBM,MLP,16,99,-0.212987012987013,-0.2689460791877844
LGBM,MLP,17,109,-0.12857142857142856,-0.015225764495612186
LGBM,MLP,18,111,0.5727272727272726,0.26636895961336104
LGBM,MLP,19,115,0.1961038961038961,0.4693955001397936
LGBM,MLP,20,123,-0.03636363636363636,0.7817203289992335
LGBM,MLP,21,124,0.6311688311688312,0.8267237440842691
LGBM,MLP,22,135,0.13766233766233765,0.5636109615056241
LGBM,MLP,23,162,0.2194805194805195,0.3543156965915256
LGBM,MLP,24,168,-0.07792207792207792,0.08723519588323966
LGBM,MLP,25,173,0.07272727272727272,0.6694786568418134
LGBM,MLP,26,185,-0.35194805194805195,-0.3145198446819423
LGBM,MLP,27,188,-0.12077922077922078,0.7799867953208809
LGBM,MLP,28,196,0.08441558441558442,0.7619734940930285
LGBM,MLP,29,203,0.06103896103896104,-0.20739454283618017
LGBM,MLP,30,210,0.34415584415584416,0.8964953700827272
LGBM,MLP,31,212,0.059740259740259746,0.8433354510987645
LGBM,MLP,32,220,-0.03896103896103896,0.756639942822556
LGBM,MLP,33,233,0.28051948051948056,0.4806402284710374
LGBM,MLP,34,237,0.18311688311688312,0.4844028386979701
LGBM,MLP,35,239,0.09090909090909091,0.5548372293810253
LGBM,MLP,36,240,-0.016883116883116882,0.4389617153604768
LGBM,MLP,37,247,-0.12987012987012986,0.052108092108808075
LGBM,MLP,38,251,0.3896103896103896,0.6563428069962035
LGBM,MLP,39,254,0.012987012987012986,-0.051008622782716846
LGBM,MLP,40,259,0.42337662337662335,0.5023732596166727
LGBM,MLP,41,261,0.22337662337662337,0.1999190002669585
LGBM,MLP,42,270,0.062337662337662345,0.7575503978783886
LGBM,MLP,43,275,0.03506493506493507,0.05149662060223735
LGBM,MLP,44,289,0.17792207792207793,0.6473297520128957
LGBM,MLP,45,297,0.02077922077922078,-0.06894848335703468
LGBM,MLP,46,298,0.2025974025974026,0.7495466762293557
LGBM,MLP,47,303,0.04675324675324675,0.7092192117796284
LGBM,MLP,48,305,-0.1064935064935065,0.6315617482357648
LGBM,MLP,49,316,-0.14285714285714285,-0.16192283660288148
LGBM,MLP,50,322,0.40129870129870127,0.33675400914608505
LGBM,MLP,51,324,-0.05454545454545454,-0.24576692954265314
LGBM,MLP,52,331,0.34415584415584416,0.20628369233499616
LGBM,MLP,53,332,0.08961038961038961,0.5646579543843391
LGBM,MLP,54,339,0.12077922077922078,0.2077236568108069
LGBM,MLP,55,342,-0.2038961038961039,0.6365209760785584
LGBM,MLP,56,344,0.18961038961038962,0.8622914445325275
LGBM,MLP,57,350,0.3038961038961039,0.6249854365954004
LGBM,MLP,58,351,0.03766233766233767,0.6011332366569311
LGBM,MLP,59,352,0.3948051948051948,0.35723446213711496
LGBM,MLP,60,354,0.04025974025974026,0.6747972240990896
LGBM,MLP,61,365,0.2,0.8398189162346883
LGBM,MLP,62,366,0.2038961038961039,0.7770640685127292
LGBM,MLP,63,371,0.33506493506493507,0.730726179598929
LGBM,MLP,64,374,0.37792207792207794,0.6830380773589685
LGBM,MLP,65,382,0.21168831168831168,0.8107432715986168
LGBM,MLP,66,383,0.0987012987012987,0.45983872135526555
LGBM,MLP,67,394,0.21688311688311687,0.6515190927747899
LGBM,MLP,68,398,-0.07012987012987014,0.06923374757567571
LGBM,MLP,69,411,0.45324675324675323,0.7844009770852388
LGBM,MLP,70,413,-0.16623376623376623,-0.3575272325390558
LGBM,MLP,71,415,0.36103896103896105,0.23617544828231993
LGBM,MLP,72,416,-0.14675324675324675,0.33048396895807525
LGBM,MLP,73,422,0.18181818181818182,0.6859710668042306
LGBM,MLP,74,426,0.23376623376623373,0.6363414297202495
LGBM,MLP,75,429,0.2714285714285714,0.38571907137839323
LGBM,MLP,76,432,-0.0038961038961038965,0.5883397881421928
LGBM,MLP,77,439,0.2571428571428571,0.8005192309862562
LGBM,MLP,78,450,0.14285714285714285,0.795027405193909
LGBM,MLP,79,453,-0.09480519480519481,0.28412188876690264
LGBM,MLP,80,462,0.17272727272727273,0.3798673609915876
LGBM,MLP,81,464,0.06753246753246753,0.5024184826355579
LGBM,MLP,82,471,0.05454545454545454,0.7181496075857965
LGBM,MLP,83,479,0.2597402597402597,0.7174813094383439
LGBM,MLP,84,481,-0.08051948051948052,0.5875191621536864
LGBM,MLP,85,482,0.07142857142857142,0.3358267565045165
LGBM,MLP,86,483,0.22857142857142856,0.5708773493714104
LGBM,MLP,87,485,0.24285714285714283,0.7088836416763815
LGBM,MLP,88,495,0.20649350649350648,0.7608338936886188
LGBM,MLP,89,506,0.29740259740259745,0.19903060629325628
LGBM,MLP,90,514,0.17012987012987013,0.12771168798213473
LGBM,MLP,91,518,0.1909090909090909,0.41445246520903894
LGBM,MLP,92,526,0.37142857142857144,0.745773173376023
LGBM,MLP,93,527,0.387012987012987,0.6910020681528259
LGBM,MLP,94,530,0.16493506493506493,0.6949715602754449
LGBM,MLP,95,534,0.09090909090909091,0.6350642502003961
LGBM,MLP,96,535,-0.4142857142857143,-0.42343733314463006
LGBM,MLP,97,544,-0.13506493506493505,0.11103456842663717
LGBM,MLP,98,548,0.2506493506493506,0.5158528179278155
LGBM,MLP,99,561,0.18311688311688312,0.7651944475954038
LGBM,MLP,100,567,0.461038961038961,0.5986161039199589
LGBM,MLP,101,576,0.12337662337662336,0.5895364742145393
LGBM,MLP,102,582,0.34545454545454546,0.8287522161598989
LGBM,MLP,103,583,0.09090909090909091,0.5782349172860535
LGBM,MLP,104,584,-0.34675324675324676,-0.2298505347756591
LGBM,MLP,105,585,0.014285714285714285,0.4859543035422351
LGBM,MLP,106,588,-0.00909090909090909,0.6429647460308423
LGBM,MLP,107,590,0.15194805194805194,0.552799631452939
LGBM,MLP,108,593,0.212987012987013,0.7003135806927097
LGBM,MLP,109,596,0.14415584415584418,0.09079797030043878
LGBM,MLP,110,602,0.12077922077922078,0.5589706194048178
LGBM,MLP,111,609,-0.574025974025974,-0.4592145513339838
LGBM,MLP,112,610,0.18181818181818182,0.08742729854876974
LGBM,MLP,113,613,0.22987012987012984,0.32747936586173265
LGBM,MLP,114,617,-0.031168831168831172,0.7164435146082594
LGBM,MLP,115,628,0.21818181818181817,0.737232392622384
LGBM,MLP,116,631,0.33246753246753247,0.8050975178407414
LGBM,MLP,117,637,0.3701298701298701,0.12732148788101963
LGBM,MLP,118,650,0.1961038961038961,0.15709190769144446
LGBM,MLP,119,651,-0.14935064935064934,0.09921511239749625
LGBM,MLP,120,654,0.3051948051948052,0.8451507850424191
LGBM,MLP,121,660,-0.525974025974026,-0.28867328893586497
LGBM,MLP,122,680,0.02727272727272727,-0.04757520030445295
LGBM,MLP,123,693,0.41558441558441556,0.4636982069828656
LGBM,MLP,124,705,0.07922077922077922,0.3590327945358726
LGBM,MLP,125,710,0.14935064935064934,0.4867538520043442
LGBM,MLP,126,720,-0.3220779220779221,-0.19637494939135727
LGBM,MLP,127,721,-0.2922077922077922,0.6041580687348952
LGBM,MLP,128,733,0.212987012987013,0.7385363608487984
LGBM,MLP,129,736,-0.051948051948051945,0.7407509085982191
LGBM,MLP,130,741,0.04025974025974026,0.0393635953394506
LGBM,MLP,131,756,-0.014285714285714285,0.07422373325146853
LGBM,MLP,132,757,0.2636363636363636,0.6043985242373285
LGBM,MLP,133,764,-0.09090909090909091,0.7318190662169902
LGBM,MLP,134,771,0.12077922077922078,0.7150973352438342
LGBM,MLP,135,777,0.37922077922077924,0.6214204015639063
LGBM,MLP,136,778,0.187012987012987,0.1315605038887617
LGBM,MLP,137,780,-0.022077922077922082,-0.058220961641832644
LGBM,MLP,138,781,-0.04285714285714286,0.23614374310348363
LGBM,MLP,139,782,0.2506493506493506,0.6796934739468734
LGBM,MLP,140,798,0.025974025974025972,0.299197028074879
LGBM,MLP,141,799,0.06363636363636363,0.6985218803751939
LGBM,MLP,142,816,-0.029870129870129873,0.41685305212038204
LGBM,MLP,143,817,-0.5246753246753247,-0.5827059159735747
LGBM,MLP,144,824,-0.15714285714285717,-0.5550335485757983
LGBM,MLP,145,838,0.40259740259740256,0.8257866869292639
LGBM,MLP,146,842,-0.12727272727272726,0.7818189542419876
LGBM,MLP,147,846,0.44415584415584414,0.7295663274761252
LGBM,MLP,148,857,0.07662337662337662,0.55465712993122
LGBM,MLP,149,867,0.5194805194805194,0.6480757890354782
LGBM,MLP,150,869,0.14285714285714285,0.5488855511656223
LGBM,MLP,151,886,-0.14805194805194805,0.15449818694272793
LGBM,MLP,152,889,-0.11168831168831168,0.8482233978842533
LGBM,MLP,153,893,0.20649350649350648,0.16547080683784404
LGBM,MLP,154,904,-0.3025974025974026,-0.17848130323899022
LGBM,MLP,155,914,0.006493506493506493,0.5105358868399501
LGBM,MLP,156,926,0.15064935064935067,0.7392546117784442
LGBM,MLP,157,936,-0.16883116883116883,0.43484614657447757
LGBM,MLP,158,939,0.3233766233766234,0.6859344746543448
LGBM,MLP,159,941,-0.0961038961038961,-0.10038849282230475
LGBM,MLP,160,943,0.3051948051948052,0.5598833387174759
LGBM,MLP,161,946,0.3701298701298701,0.7448652005967246
LGBM,MLP,162,952,0.2701298701298701,0.7620894197375355
LGBM,MLP,163,965,-0.1012987012987013,0.7382682458548663
LGBM,MLP,164,988,0.04675324675324675,0.07659447375022524
LGBM,MLP,165,994,0.30129870129870134,0.41905983770480115
LGBM,MLP,166,1004,-0.006493506493506493,-0.009906189631377224
LGBM,MLP,167,1009,0.34155844155844156,0.8195432641593609
LGBM,MLP,168,1018,0.36233766233766235,0.8533792891291728
LGBM,MLP,169,1033,0.17922077922077922,0.36874318311782234
LGBM,MLP,170,1034,-0.022077922077922082,0.7898363535608225
LGBM,MLP,171,1043,0.15064935064935067,0.5399949823173141
LGBM,MLP,172,1061,0.18051948051948052,-0.0334196178788536
LGBM,MLP,173,1073,0.251948051948052,0.41377521089262637
LGBM,MLP,174,1074,0.04025974025974026,0.11445729989346883
LGBM,MLP,175,1079,0.2571428571428571,0.23448841600365683
LGBM,MLP,176,1084,0.13376623376623376,-0.08394955251271509
LGBM,MLP,177,1106,0.23636363636363636,0.32087742421102033
LGBM,MLP,178,1108,0.32857142857142857,0.6757855208194564
LGBM,MLP,179,1110,-0.1922077922077922,-0.45196193695017306
LGBM,MLP,180,1111,-0.012987012987012986,0.09235131832052935
LGBM,MLP,181,1113,0.22077922077922077,0.8064693398328112
LGBM,MLP,182,1114,-0.05844155844155843,0.7879199459574919
LGBM,MLP,183,1117,-0.087012987012987,0.7991603241453412
LGBM,MLP,184,1132,0.07662337662337662,0.559882654687658
LGBM,MLP,185,1137,-0.012987012987012986,0.7891159845956398
LGBM,MLP,186,1138,0.15194805194805194,0.6183518977522351
LGBM,MLP,187,1140,0.28441558441558445,0.5093371023311652
LGBM,MLP,188,1142,0.3207792207792208,0.4611371073494338
LGBM,MLP,189,1145,-0.09220779220779221,0.6312384287611896
LGBM,MLP,190,1146,0.17272727272727273,0.8219611153522833
LGBM,MLP,191,1151,0.1935064935064935,0.6122791932380127
LGBM,MLP,192,1168,-0.525974025974026,-0.7353311701879209
LGBM,MLP,193,1169,0.4311688311688312,0.8417893328128115
LGBM,MLP,194,1177,0.2701298701298701,0.631321592501014
LGBM,MLP,195,1178,-0.11818181818181818,0.8374081442106366
LGBM,MLP,196,1182,-0.06363636363636363,0.5592210112189665
LGBM,MLP,197,1190,0.05324675324675325,0.6389910374085549
LGBM,MLP,198,1197,0.20909090909090908,-0.018030530310999063
LGBM,MLP,199,1204,0.3506493506493506,0.5337053751914427
LGBM,MLP,200,1208,0.04805194805194805,0.6750121430383613
LGBM,MLP,201,1211,0.312987012987013,0.8136878283676828
LGBM,MLP,202,1220,0.06883116883116883,0.36965683444006237
LGBM,MLP,203,1226,0.07402597402597402,0.872925312970514
LGBM,MLP,204,1235,0.2857142857142857,0.4676787170433821
LGBM,MLP,205,1240,0.5064935064935064,0.7901215561187639
LGBM,MLP,206,1249,0.11428571428571428,0.8779437070468027
LGBM,MLP,207,1253,0.29740259740259745,0.40617869751333746
LGBM,MLP,208,1255,0.22857142857142856,0.7203661805466183
LGBM,MLP,209,1258,-0.18441558441558442,0.4469020070390987
LGBM,MLP,210,1262,-0.03766233766233767,0.44016866730416904
LGBM,MLP,211,1268,0.4311688311688312,0.5878402762417697
LGBM,MLP,212,1271,0.2857142857142857,0.5914851833220034
LGBM,MLP,213,1278,0.37272727272727274,0.2671644832147677
LGBM,MLP,214,1284,0.3311688311688311,0.434956698176618
LGBM,MLP,215,1296,-0.2194805194805195,-0.31083920482171945
LGBM,MLP,216,1309,-0.36363636363636365,-0.3828912661862599
LGBM,MLP,217,1310,-0.12077922077922078,-0.21552364382613415
LGBM,MLP,218,1317,-0.11168831168831168,-0.10663518823073656
LGBM,MLP,219,1320,0.6792207792207793,0.5484816886300834
LGBM,MLP,220,1328,0.5389610389610389,0.8058193734274121
LGBM,MLP,221,1334,0.3181818181818181,0.526715671771263
LGBM,MLP,222,1339,0.34935064935064936,0.7755012782668499
LGBM,MLP,223,1345,0.14675324675324675,0.7971179634780279
LGBM,MLP,224,1347,0.01818181818181818,0.5841211515832984
LGBM,MLP,225,1361,0.34155844155844156,0.2133828420568699
LGBM,MLP,226,1366,0.1753246753246753,0.11944912408403234
LGBM,MLP,227,1378,-0.14285714285714285,0.7414275240545107
LGBM,MLP,228,1379,0.2792207792207792,0.739761366541615
LGBM,MLP,229,1385,-0.14025974025974028,0.08811272976366645
LGBM,MLP,230,1391,0.15194805194805194,0.382202715546625
LGBM,MLP,231,1393,-0.20779220779220778,0.8322370348315014
LGBM,MLP,232,1417,0.2714285714285714,0.6755444814176759
LGBM,MLP,233,1421,-0.12207792207792208,-0.2502340182002477
LGBM,MLP,234,1424,-0.18051948051948052,-0.2691900310641354
LGBM,MLP,235,1435,0.41818181818181815,0.7252895689009667
LGBM,MLP,236,1436,0.051948051948051945,0.48093963947761004
LGBM,MLP,237,1457,-0.08831168831168833,0.7001303490239872
LGBM,MLP,238,1458,0.12077922077922078,0.14600744841220226
LGBM,MLP,239,1460,0.4714285714285714,0.6470572634504514
LGBM,MLP,240,1468,0.15974025974025974,0.05187306168746929
LGBM,MLP,241,1471,0.33506493506493507,0.6713649859861235
LGBM,MLP,242,1477,-0.06493506493506493,0.13959642579244808
LGBM,MLP,243,1480,-0.24025974025974026,0.707544664516434
LGBM,MLP,244,1481,0.24025974025974026,0.4846412611718564
LGBM,MLP,245,1487,-0.05584415584415584,0.5442132099704293
LGBM,MLP,246,1489,0.2857142857142857,0.7571636534933636
LGBM,MLP,247,1491,-0.12727272727272726,0.42634784092098604
LGBM,MLP,248,1497,0.0961038961038961,0.8341748708004652
LGBM,MLP,249,1501,0.33246753246753247,0.5949634487617391
LGBM,MLP,250,1505,0.18051948051948052,0.7681227386580347
LGBM,MLP,251,1519,-0.2714285714285714,-0.09998264336231921
LGBM,MLP,252,1527,-0.08051948051948052,0.606654099923709
LGBM,MLP,253,1530,0.24285714285714283,0.5975451652312038
LGBM,MLP,254,1531,0.4623376623376624,0.7755374957390965
LGBM,MLP,255,1539,0.1,0.7443264899290444
LGBM,MLP,256,1540,0.04025974025974026,0.7722450844790093
LGBM,MLP,257,1543,0.12077922077922078,-0.3140592109117022
LGBM,MLP,258,1544,-0.12077922077922078,0.6438669868245843
LGBM,MLP,259,1552,0.0961038961038961,0.4746373792829805
LGBM,MLP,260,1555,0.22727272727272727,0.5947523190666193
LGBM,MLP,261,1556,-0.07012987012987014,0.11412801378758747
LGBM,MLP,262,1561,-0.0012987012987012987,0.6126367044257892
LGBM,MLP,263,1565,0.4077922077922078,0.7802565840668296
LGBM,MLP,264,1573,0.4974025974025974,0.62746982355626
LGBM,MLP,265,1587,-0.02727272727272727,0.022639878037858035
LGBM,MLP,266,1588,0.03636363636363636,0.40277077697882613
LGBM,MLP,267,1593,-0.05584415584415584,-0.2725057893093947
LGBM,MLP,268,1600,0.32727272727272727,0.7306686706683002
LGBM,MLP,269,1610,-0.05714285714285714,0.2607308360016581
LGBM,MLP,270,1611,0.14155844155844155,0.5227318276240506
LGBM,MLP,271,1618,0.3363636363636363,0.6032952684384207
LGBM,MLP,272,1619,-0.1909090909090909,0.7618540933182457
LGBM,MLP,273,1627,0.08441558441558442,0.8753921310246701
LGBM,MLP,274,1641,0.15584415584415584,0.08535205908618636
LGBM,MLP,275,1642,-0.22337662337662337,0.6250329656273776
LGBM,MLP,276,1644,0.11948051948051949,0.6121727373221427
LGBM,MLP,277,1657,0.23766233766233766,0.6692039297472255
LGBM,MLP,278,1662,-0.033766233766233764,0.6208066601334897
LGBM,MLP,279,1667,0.22207792207792207,0.5183970198139939
LGBM,MLP,280,1676,0.15584415584415584,0.3073232129224165
LGBM,MLP,281,1682,0.32597402597402597,0.2850553851716732
LGBM,MLP,282,1691,-0.26883116883116887,-0.25323839821925614
LGBM,MLP,283,1701,0.11948051948051949,0.7112521068895776
LGBM,MLP,284,1709,-0.11038961038961038,0.7904572174940604
LGBM,MLP,285,1712,0.01948051948051948,0.5232518531503808
LGBM,MLP,286,1715,-0.07402597402597402,0.10429095393994953
LGBM,MLP,287,1719,0.3844155844155844,0.7552998617683276
LGBM,MLP,288,1720,0.2909090909090909,0.6523531102736795
LGBM,MLP,289,1723,0.46753246753246747,0.7506220461833429
LGBM,MLP,290,1733,0.40129870129870127,0.39066648652689295
LGBM,MLP,291,1736,0.16363636363636364,0.0017329939851937633
LGBM,MLP,292,1738,0.13896103896103898,0.6042502919026265
LGBM,MLP,293,1743,0.44675324675324674,0.8289821625455719
LGBM,MLP,294,1747,-0.02077922077922078,0.73858402588203
LGBM,MLP,295,1757,-0.12207792207792208,0.5854802774250849
LGBM,MLP,296,1758,-0.032467532467532464,0.21996096372031837
LGBM,MLP,297,1759,0.3038961038961039,0.7047236792330941
LGBM,MLP,298,1777,0.1948051948051948,0.3111982388177527
LGBM,MLP,299,1780,-0.07402597402597402,-0.1847887491424792
