test_index,Local_Spearman_rho,Local_Spearman_p_value,Local_Cosine_similarity
23,-0.006184873194696445,0.9787729901262645,-0.13598352731558583
29,0.4192635978884392,0.0585044621108304,0.3023982004786012
30,0.046042944893851315,0.8429043388028236,0.029820005369036444
32,-0.05222781808854776,0.8221073047135848,0.15040848033352738
44,0.13400558588508962,0.5625147986502825,0.25522595919321467
49,-0.08933705725672642,0.7001656279114117,-0.13618394245107268
51,0.318864573593239,0.15888294206082512,0.272929748078426
59,0.1470625404072266,0.5246902677766633,0.18532148634297524
65,0.486543357982787,0.0253125835337121,0.4316147574822764
67,0.37590284861099504,0.09308097357357126,0.3486942729832623
69,0.1168253825664884,0.6140421659249017,-0.008727469500152796
70,0.22746589193828037,0.321377738170317,0.22168655455750785
71,0.27319757023698304,0.23081991623848006,0.42573848619212906
73,0.09346030605319074,0.6869869235002377,0.3324903094744121
76,0.4618038652040013,0.03507668601147875,0.3814930240117375
78,0.155533270184421,0.500810688592383,0.2859187623707812
99,0.19585431783205406,0.3948557560037302,0.2745818547245311
109,0.33535756877909617,0.1372453027318533,0.46224509762018584
111,0.27350883683213173,0.23026777304289686,0.1862907186884647
115,0.37659005674373913,0.09243647467517252,0.13931180663762527
123,0.5587002119209122,0.008473134582258823,0.32994884887379033
124,0.35322498023044147,0.11625508640882316,0.32475445472628944
135,0.22609147567279225,0.32438948593498856,-0.1611152377316062
162,-0.306494827203846,0.17659222588407444,-0.4066921393030713
168,0.24670771965511373,0.2809872975979819,0.3702420875352431
173,0.4391259968234476,0.0464147452378233,0.41785624590963777
185,0.3209261979914711,0.1560561416776725,0.25448779892606643
188,0.6755255944874007,0.0007776671146962044,0.3952393827985222
196,0.34758304728170614,0.1226150588527464,0.35018160748701144
203,0.36490751848709024,0.10384833333872863,0.25266208648181937
210,0.3099308678675663,0.17154330740126705,0.30965671827450403
212,0.555951379389936,0.008872816201145498,0.4601169535058611
220,0.6109280300094599,0.0032615722992923282,0.45218399660722075
233,0.306494827203846,0.17659222588407444,0.15999743595570698
237,0.30512041093835796,0.17863996948094624,0.46901470953065905
239,0.30168437027463774,0.18383011647724065,0.13537359854417233
240,0.33535756877909617,0.1372453027318533,0.19576123151966135
247,-0.16218111932759569,0.48244848532690643,-0.14577498941490757
251,-0.015805787053113137,0.9457856976362968,0.026051967978586908
254,0.15256020546917898,0.5091312131075579,0.33845873696785433
259,-0.032459117255879175,0.8889172852569458,-0.037749406171211974
261,0.25495421724804235,0.2646946546659454,-0.07610089724084673
270,0.235712389531209,0.3036613273373604,0.17015567178834273
275,0.22402985127456013,0.32893862720438666,0.6202135171420176
289,0.18485898770814932,0.4224328694955453,0.3454883408266657
297,-0.005409852875979861,0.9814324529449205,0.35860853677059423
298,0.16218111932759569,0.48244848532690643,0.09608923518533742
303,0.4260690423013106,0.05411910112977997,0.34730905138384505
305,0.18417177957540526,0.4241900783146955,-0.1355214542073891
316,0.1236974638939289,0.5932019347201238,0.3171667589320183
322,0.1758202184693455,0.445856241926558,0.3858055828181921
324,0.3944574681950844,0.07680984002787335,0.30715390972319945
331,0.16229558627939583,0.4821352877011046,0.14899957695757177
332,0.24395888712413755,0.2865540251694389,0.10235886888058057
339,0.060474315681476355,0.7945577974477751,-0.23134425189514718
342,0.17592528198247667,0.4455801389357706,0.11513586499460841
344,0.5806908721687218,0.005777046081527794,0.41646184097392047
350,0.14225208347801824,0.5384851936149354,-0.1731746638095289
351,0.33398315251360805,0.1389640677283147,-0.08288633803930696
352,-0.01758202184693455,0.9397032891784529,-0.07058412340526563
354,0.35322498023044147,0.11625508640882316,0.34864610865343776
365,0.5861885372306742,0.0052278172739088115,0.7117577914783131
366,0.2604518823099947,0.25417241347469527,-0.21857088921979423
371,0.16364804949839082,0.47844246023039505,0.18017735576354543
374,0.35047614769946517,0.1193233236079077,0.40709990560943454
382,0.36078426969062594,0.10811145585377106,0.5140423688469549
383,0.4109504633809416,0.06422297071761661,0.239936359777981
394,0.6631558480980078,0.0010501168396532703,0.30522270397102075
398,0.4597422408057691,0.03600743279300415,0.32741457638393096
411,-0.25632863351353047,0.2620386430566017,-0.2183330754881711
413,-0.069408021407149,0.7649768321237594,0.20494216087835937
415,-0.19204977709728507,0.4042824933566307,-0.2683119395733037
416,-0.14912416480545873,0.51882953353096,0.24758561908592736
422,0.06762316094974827,0.7708630766441904,-0.09413722359018108
426,0.2109728967524232,0.35862340518783037,-0.035104354640544344
429,-0.009467242532964758,0.967512348816283,-0.06056808388358264
432,-0.004810456929208347,0.9834893965353174,0.10375704865268945
439,-0.07628010273458949,0.7424323779667991,-0.2747678193938896
450,0.16905320065503618,0.4638269373562632,0.09332785222669462
453,0.34910173143397716,0.1208790956094077,0.5020814286938973
462,0.3099308678675663,0.17154330740126705,0.5888242315474069
464,0.13812883468155396,0.550440701561692,0.0944024208575564
471,0.15118578920369088,0.5130000430493629,-0.010741099109230675
479,0.1999775666285184,0.38477865843085773,-0.016710917897793644
481,0.2893146238852448,0.2033598378922126,0.5416205226056648
482,0.1014347414246224,0.6617482784453711,0.0358168762970196
483,0.12307415292854185,0.5950798583327409,0.3661554059620029
485,0.38964701126587603,0.08080690485887627,0.39226218694543563
495,0.2786074231129629,0.2213462864204828,0.2491893856160964
506,-0.032985990371714374,0.8871252102080542,0.0016640780943619274
514,-0.054976650619523955,0.8129000649963758,0.4732355152624507
518,0.08796264099123834,0.7045772418069393,0.04686824855294872
526,0.05222781808854776,0.8221073047135848,0.08089954325378673
527,0.32642386305342347,0.14868976374218054,0.11892034448259323
530,0.08315218406203,0.7200890916435249,0.5394539576944081
534,-0.06491823451175835,0.7798066355035131,-0.004549083736492002
535,0.320238989858727,0.15699448661904414,0.27697574968384686
544,0.2068496479559589,0.3683086299699638,0.3521346497609021
548,0.250143760318834,0.2741243996999106,0.3318259649569724
561,0.5848141209651861,0.005360890997526452,0.3540826379716098
567,0.08385271957768786,0.7178233762132494,0.048859499703314185
576,0.36971797541629864,0.09903122411069822,0.4753737352873293
582,0.14981137293820276,0.5168828844769014,-0.1410128274725272
583,0.24209091620009882,0.290375642723702,0.29559106945275726
584,0.4693631546641857,0.031824125694078456,0.7288195166410297
585,0.46111665707125726,0.03538481634842601,0.5274838808827075
588,0.2867222024269327,0.207622035582802,0.1817815289790274
590,0.2762576693631079,0.22542917071205054,0.37513484831602745
593,0.5435816330005431,0.01086725709091652,0.3940052493004221
596,-0.15418080696542605,0.5045875115539483,-0.1382748499945745
602,0.031611574106226274,0.8918011593186536,-0.08158684544697764
609,0.17936132264619692,0.4365998466781474,0.4697489829896211
610,-0.08114779313969792,0.7265842449065539,0.3488489391617091
613,0.1470625404072266,0.5246902677766633,0.11600941974326832
617,-0.05703827501775611,0.8060101233019583,0.019506821821926756
628,0.1401904590797861,0.5444479679065781,-0.11259631535679225
631,0.27419604496487576,0.22905181815994963,-0.023121431640685995
637,0.015118578920369089,0.948139719918375,-0.16937188032614625
650,0.19204977709728507,0.4042824933566307,-0.02655047249974979
651,-0.14293929161076227,0.5365043127634903,0.3637809625690513
654,0.38071330554020344,0.08863837678225989,0.2879427222182579
660,0.10720446870807172,0.6437032129979389,0.44189424250973725
680,-0.006184873194696445,0.9787729901262645,0.5158847623578138
693,0.009467242532964758,0.967512348816283,0.07791953682749894
705,0.2068496479559589,0.3683086299699638,0.12709548198682338
710,0.10684459430060227,0.6448232402548981,0.09596479889254404
720,0.2845041669560365,0.21131560262281301,0.4626662033471744
721,0.6164256950714124,0.0029216140652428696,0.35110398642111773
733,0.29275066454896503,0.1978013795503635,0.40774944699455506
736,0.6452884366466626,0.0015837497649385322,0.41570907641456234
741,0.3965190925933165,0.07514286074275038,0.18170819693485019
756,0.48173290105357874,0.02701823662657429,0.650584689097367
757,0.22402985127456013,0.32893862720438666,0.1450776686521332
764,0.42467345076441915,0.05499720433382856,0.37461396092347815
771,0.43981320495619164,0.0460341108441644,0.378721630087817
777,0.26732396363743527,0.24140092232099425,0.07447255276270469
778,-0.1095495207385922,0.6364230567717565,0.13453407413151927
780,0.018554619584089337,0.9363741441478635,0.25747904870510224
781,0.013744162654880989,0.9528489933590807,0.12194857387099335
782,0.35459939649592953,0.11474249534197997,0.0853034057468881
798,-0.17936132264619692,0.4365998466781474,-0.029154617141827814
799,0.4164481284428939,0.060395910624715735,0.3017723791031136
816,0.34635289890300097,0.12403425697227548,0.27832889494709684
817,0.6583453911687995,0.0011759877185805953,0.4617969530901995
824,0.3078692434693342,0.17456060330132875,0.13327396787866552
838,0.37040518354904267,0.09835666783988829,0.5951790542208678
842,0.48379452545181084,0.026276433524530747,0.5353367934607248
846,-0.15668345426564326,0.49760960804366144,-0.27027303756552007
857,0.10720446870807172,0.6437032129979389,0.02015222129234584
867,-0.18663992422130524,0.4178972513190141,-0.2147102122399489
869,0.34082073118673134,0.1305622087044379,0.2827918320551209
886,0.20959848048693505,0.36183533017814534,0.5699741362350206
889,0.5532025468589599,0.009287812333608052,0.2820467392566726
893,-0.16630436812406,0.4712310672737564,0.1671100229455057
904,0.23846122206218517,0.2978910967783611,0.2643011150999327
914,0.3367319850445842,0.13554164512405367,0.08563243095947601
926,0.33604477691184026,0.1363915889950422,0.12743856405499027
936,0.20753685608870295,0.36668413452859777,0.1931325421234944
939,0.264575131106459,0.24645874209479351,0.03823350980635057
941,0.235712389531209,0.3036613273373604,0.3877211007289991
943,0.061161523814220395,0.7922721264092619,0.048520150165912414
946,0.30512041093835796,0.17863996948094624,0.3516291872021694
952,0.35528660462867356,0.11399155389364857,-0.061648979530291706
965,0.48553429561919254,0.025663083978270242,0.28658353157096395
988,-0.1058300524425836,0.6479847524455414,-0.007913987694156206
994,0.28587858322152454,0.20902176290293412,0.09814091270142114
1004,0.27995988633195784,0.2190184840300836,0.21218754695279685
1009,0.5545769631244479,0.009078372875137027,0.39785973730785373
1018,0.24258447085864948,0.28936284955166824,0.027859151254532595
1033,0.27694487749585195,0.22423001927694616,0.20158093460564275
1034,0.37796447300922714,0.09115735482650579,0.06382825912518564
1043,0.277632085628596,0.22303506253383956,0.1480758800789979
1061,0.38483655433666764,0.08495698322672923,0.22624006565441562
1073,0.2817553344250603,0.21595326116216473,0.13866358539772644
1074,0.277632085628596,0.22303506253383956,0.3386681699840029
1079,-0.09737735176763751,0.674547637342113,-0.09103548335498812
1084,-0.13254139546150662,0.5668304370329019,0.09987253142771174
1106,0.06627069773075331,0.7753314342549625,0.11461307295518695
1108,0.35322498023044147,0.11625508640882316,0.22706259869444945
1110,0.14362649974350636,0.5345268058890462,0.1338661338380814
1111,0.36559472661983433,0.10314991326589752,0.2049730938613224
1113,0.4198841691066142,0.058093701226337544,0.27820191159496027
1114,0.5209037646199894,0.015467205011896877,0.331800498676112
1117,0.7284406207086923,0.0001807509889869584,0.43940701395114223
1132,0.17798690638070883,0.4401804132515833,-0.039915586694415556
1137,0.20822406422144696,0.3650637498384115,0.24904731963437113
1138,0.3305471118498878,0.14332743724819613,0.21877122476452773
1140,0.1683659925222921,0.46567236916700405,-0.07908555282719368
1142,0.1986031503630303,0.38812151735421163,0.41764178594587426
1145,0.47211198719516195,0.03070206516834879,0.22117315702661633
1146,0.47741951630522284,0.028623891679961225,0.31048340292750526
1151,0.2041008154249827,0.37484762897465573,0.38312876197541557
1168,0.34772731516848904,0.12244938621324343,0.23141184355952255
1169,-0.14568812414173848,0.5286146399208095,-0.2106907201889531
1177,0.09002426538947049,0.697963290492637,0.07101747809516457
1178,0.514718891425293,0.01696242090550377,0.44179089838768104
1182,0.36559472661983433,0.10314991326589752,0.08876466524553568
1190,0.21990660247809582,0.3381501197161933,0.4271286658049692
1197,-0.08933705725672642,0.7001656279114117,-0.008322148145177566
1204,-0.11225444717658213,0.6280655938992373,0.0359786052525963
1208,0.2288403082037685,0.31838282325402634,0.25295967361245236
1211,0.2941250808144532,0.19560686214961573,0.45762352354147756
1220,0.23983563832767324,0.29503139244575827,0.1854024458852554
1226,0.47898406852260245,0.028033001011197184,0.24086115565316124
1235,-0.09872981498663248,0.6702713550000281,0.18232984942380967
1240,-0.050041139102813714,0.8294477729179731,0.0965330841078314
1249,0.16905320065503618,0.4638269373562632,0.009191197797624957
1253,-0.3944574681950844,0.07680984002787335,-0.3044263247377506
1255,0.3216134061242152,0.1551217105649368,0.2937677306837925
1258,0.4054527983189891,0.0682310271754328,0.5347914916526455
1262,0.5511409224607277,0.009609371534702371,0.614016472562976
1268,-0.027049264379899306,0.9073467225251416,-0.11835877308543846
1271,0.5119700588943168,0.0176632667657299,0.09692749107184168
1278,0.1972287340975422,0.3914805644166533,0.5435824315624092
1284,0.25839025791176257,0.2580864453413756,0.09212650776226147
1296,0.43981320495619164,0.0460341108441644,0.3645813983863634
1309,0.4659271140004655,0.033271789420141695,0.49564292685378414
1310,0.4240074179030785,0.05542009405139961,0.10091828480518818
1317,-0.046042944893851315,0.8429043388028236,-0.11868102243827014
1320,0.32642386305342347,0.14868976374218054,0.23451605586851865
1328,0.23803352654311394,0.2987844464405289,0.20381563699010052
1334,0.33123431998263186,0.142447140990867,0.16414858119719422
1339,0.2047880235577267,0.3732067358486599,0.15022829748620314
1345,0.48035848478809057,0.027521917489064233,0.3295251163014916
1347,0.4322539154960071,0.050356188017082526,0.3913224909583197
1361,0.23708680579669705,0.30076774504320236,0.23813830328623925
1366,-0.16500051271738578,0.4747638820578829,-0.277830249256737
1378,0.6274210251953173,0.002330035078941477,0.23718036162648218
1379,-0.007559289460184544,0.9740572652609133,-0.22831449842335655
1385,0.221968226876328,0.3335255301315931,0.11064108429418387
1391,0.21028568861967914,0.36022730375771833,-0.003160344313404617
1393,0.6150512788059243,0.003003689588670822,0.4620701739794616
1417,0.2412100545931614,0.2921886408201525,0.05350609342778128
1421,0.2961867052126853,0.19234591496211875,0.21506238468069763
1424,0.16699157625680403,0.46937444278111107,0.1742557068325125
1435,-0.10008227820562743,0.6660048640566664,0.07081191075740136
1436,0.13795124833748648,0.5509583012930455,0.2067524688642994
1457,-0.007559289460184544,0.9740572652609133,0.4281152833894008
1458,0.4185097528411261,0.05900641188733572,0.606466395548188
1460,0.529150262212918,0.013640975385103775,0.6026550416134193
1468,0.7435591996290615,0.00011196756021449977,0.47693627797876237
1471,-0.021990660247809584,0.9246213175465658,-0.12098813108026898
1477,0.4831073173190667,0.026521884428922417,0.6364803927913542
1480,0.45630620014204887,0.03760149893515779,0.4931521015570616
1481,0.2343379732657209,0.3065718326263378,0.47260214147283996
1487,0.22045150469617938,0.3369241476689229,0.2791963290608715
1489,0.3327059518727615,0.14057485136802794,0.25286546105446545
1491,0.403391173920757,0.06978172083222205,0.315376880253206
1497,-0.27419604496487576,0.22905181815994963,-0.22616998657088802
1501,0.4356899561597274,0.048354516899628885,0.2403783907438574
1505,0.4315667073632631,0.05076405820398135,0.02010218372346223
1519,0.48585614985004294,0.02555087131006473,0.3534345004915481
1527,0.14912416480545873,0.51882953353096,-0.05177581956513842
1530,0.29137624828347697,0.20001237634972252,0.09165712478135069
1531,0.23708680579669705,0.30076774504320236,0.125157546132653
1539,0.10376842804435148,0.65442712610596,0.034593562145688816
1540,0.18554619584089332,0.4206795854632498,0.0645674751355404
1543,0.32436223865519137,0.15142300217544533,0.2847630756289923
1544,0.23983563832767324,0.29503139244575827,0.20656135170554013
1552,0.45424457574381677,0.038584056510972665,0.5539202866703719
1555,0.2886274157525008,0.2044839310610142,0.14790321053448616
1556,-0.0625359400797085,0.7877057178072103,-0.030112713058597064
1561,0.39170863566410813,0.07907532657715549,0.11390645378399783
1565,0.21233672538220957,0.35545255996551844,0.2731273229190117
1573,0.4494341188146084,0.04095456475876376,0.24417116716210477
1587,0.3298599037171437,0.1442115581460835,0.17463801839031434
1588,0.3793388892747153,0.08989134609338788,0.31525870843130277
1593,0.319551781725983,0.15793675141904853,0.4142754461285054
1600,0.02611390904427388,0.9105380559798187,-0.16380212397285268
1610,0.36422031035434616,0.10455019663010401,0.29559398460884684
1611,0.20016455641125486,0.38432511474889797,0.06292045836331142
1618,-0.048104569292083454,0.8359601079839512,-0.2547611912088339
1619,0.6219233601333648,0.0026118179682773756,0.4582046743736353
1627,-0.10445563617709552,0.652277012270431,-0.12899579613914755
1641,0.048688675883818755,0.8339947548578239,0.13171312187263692
1642,0.2968739133454294,0.1912671371684956,0.039217387900867665
1644,0.09895797111514312,0.6695509222245217,0.20797597450971214
1657,0.38964701126587603,0.08080690485887627,0.27283034124632155
1662,-0.13950325094704202,0.5464422322099552,-0.2011381923229931
1667,0.20753685608870295,0.36668413452859777,0.446501359482107
1676,-0.05274606554080365,0.8203696699031799,0.0948764215771847
1682,-0.07490568646910138,0.7469257051089169,-0.07150811784610858
1691,0.1236974638939289,0.5932019347201238,0.4204836911415394
1701,0.06184873194696445,0.7899880940763563,0.047347096215681006
1709,0.2691401805799981,0.23809619320620543,0.2299000904563
1712,0.14981137293820276,0.5168828844769014,0.2380348747869327
1715,0.3305471118498878,0.14332743724819613,0.10759164500946203
1719,0.3181773654604949,0.15983306448038595,0.39121977459939494
1720,0.18554619584089332,0.4206795854632498,0.0009948178227141523
1723,0.1917310690355898,0.40507774410819614,0.11254952065298542
1733,0.319551781725983,0.15793675141904853,0.21576624284483797
1736,-0.1447135644324613,0.5314055906238114,-0.09926123054374608
1738,0.34635289890300097,0.12403425697227548,0.2744177036765561
1743,-0.07559289460184544,0.7446780438037582,-0.33394808327674713
1747,0.26113909044273875,0.2528762133263729,0.0863439616941844
1757,-0.12438467202667296,0.5911343961276787,-0.13487143235383506
1758,0.19745962997326497,0.3909151298267606,0.18998579995385628
1759,0.30855645160207823,0.1735508247509057,0.4128276346744733
1777,0.39514467632782846,0.07625113539012765,0.6196024417061478
1780,0.2047880235577267,0.3732067358486599,0.21765535972125682
